"REC_REF_KEY","MODEL_NUM_1","BRAND_NAME","AEC_03","TYPE_LABEL_EN","TYPE_LABEL_FR","EQUIP_TYPE_LABEL_EN","EQUIP_TYPE_LABEL_FR","U_TYPE_LABEL_EN","U_TYPE_LABEL_FR","L_TYPE_LABEL_EN","L_TYPE_LABEL_FR","U_COOK_METH_LABEL_EN","U_COOK_METH_LABEL_FR","L_COOK_METH_LABEL_EN","L_COOK_METH_LABEL_FR","U_USABLE_SPACE","L_USABLE_SPACE","NOMINAL_WIDTH_LABEL_EN","NOMINAL_WIDTH_LABEL_FR"
1357449,"OB24SDPX*","Fisher & Paykel",245,"Built-in","Encastré","Single oven","Four simple","Self-cleaning","Autonettoyante","-","-","Normal bake with convection","Cuisson normale avec convection","-","-",52,,"24","24"
1404044,"SC712U","Smeg",330,"Built-in","Encastré","Single oven","Four simple","Non self-cleaning","Non autonettoyante","-","-","Normal bake with convection","Cuisson normale avec convection","-","-",72.2,,"27","27"
1404045,"FU67-5","Smeg",220,"Built-in","Encastré","Single oven","Four simple","Non self-cleaning","Non autonettoyante","-","-","Normal bake with convection","Cuisson normale avec convection","-","-",55,,"24","24"
2113553,"SC770U","Smeg",320,"Built-in","Encastré","Single oven","Four simple","Non self-cleaning","Non autonettoyante","-","-","Normal bake with convection","Cuisson normale avec convection","-","-",72.2,,"27","27"
2113554,"SC709XU","Smeg",320,"Built-in","Encastré","Single oven","Four simple","Non self-cleaning","Non autonettoyante","-","-","Normal bake with convection","Cuisson normale avec convection","-","-",72.2,,"27","27"
2116991,"JJW2327+*#","Jenn-Air",317,"Built-in","Encastré","Single oven","Four simple","Self-cleaning","Autonettoyante","Self-cleaning","Autonettoyante","Normal bake","Cuisson normale","-","-",85,0,"27","27"
2116992,"JJW2427+*#","Jenn-Air",317,"Built-in","Encastré","Single oven","Four simple","Self-cleaning","Autonettoyante","Self-cleaning","Autonettoyante","Normal bake","Cuisson normale","-","-",85,0,"27","27"
2116995,"JJW2827+*#","Jenn-Air",316,"Built-in","Encastré","Double oven","Four double","Self-cleaning","Autonettoyante","Self-cleaning","Autonettoyante","Normal bake with convection","Cuisson normale avec convection","Normal bake with convection","Cuisson normale avec convection",85,85,"27","27"
2116996,"JJW2330+*#","Jenn-Air",344,"Built-in","Encastré","Single oven","Four simple","Self-cleaning","Autonettoyante","Self-cleaning","Autonettoyante","Normal bake","Cuisson normale","-","-",85,0,"30","30"
2116997,"JJW2430+*#","Jenn-Air",344,"Built-in","Encastré","Single oven","Four simple","Self-cleaning","Autonettoyante","Self-cleaning","Autonettoyante","Normal bake with convection","Cuisson normale avec convection","Normal bake","Cuisson normale",111,111,"30","30"
2116998,"JJW3430+*#","Jenn-Air",344,"Built-in","Encastré","Single oven","Four simple","Self-cleaning","Autonettoyante","Self-cleaning","Autonettoyante","Normal bake with convection","Cuisson normale avec convection","Normal bake","Cuisson normale",111,111,"30","30"
2117000,"JJW2730+*#","Jenn-Air",342,"Built-in","Encastré","Double oven","Four double","Self-cleaning","Autonettoyante","Self-cleaning","Autonettoyante","Normal bake with convection","Cuisson normale avec convection","Normal bake","Cuisson normale",111,111,"30","30"
2117001,"JJW2830+*#","Jenn-Air",342,"Built-in","Encastré","Double oven","Four double","Self-cleaning","Autonettoyante","Self-cleaning","Autonettoyante","Normal bake with convection","Cuisson normale avec convection","Normal bake with convection","Cuisson normale avec convection",111,111,"30","30"
2117002,"JJW3830+*#","Jenn-Air",342,"Built-in","Encastré","Double oven","Four double","Self-cleaning","Autonettoyante","Self-cleaning","Autonettoyante","Normal bake with convection","Cuisson normale avec convection","Normal bake with convection","Cuisson normale avec convection",111,111,"30","30"
2117011,"MEW7630","Maytag",330,"Built-in","Encastré","Double oven","Four double","Self-cleaning","Autonettoyante","Self-cleaning","Autonettoyante","Normal bake","Cuisson normale","Normal bake","Cuisson normale",120,120,"30","30"
3472643,"CBIE24*","DeLonghi",245,"Built-in","Encastré","Single oven","Four simple","Self-cleaning","Autonettoyante","-","-","Normal bake with convection","Cuisson normale avec convection","-","-",52,,"24","24"
4911339,"MEW7530+#","Maytag",330,"Built-in","Encastré","Single oven","Four simple","Self-cleaning","Autonettoyante","Self-cleaning","Autonettoyante","Normal bake","Cuisson normale","Normal bake","Cuisson normale",120,,"30","30"
4911340,"MEW9530+#","Maytag",330,"Built-in","Encastré","Single oven","Four simple","Self-cleaning","Autonettoyante","Self-cleaning","Autonettoyante","Normal bake with convection","Cuisson normale avec convection","Normal bake","Cuisson normale",120,,"30","30"
4911342,"MEW9630+#","Maytag",324,"Built-in","Encastré","Double oven","Four double","Self-cleaning","Autonettoyante","Self-cleaning","Autonettoyante","Normal bake with convection","Cuisson normale avec convection","Normal bake","Cuisson normale",120,120,"30","30"
4911343,"MEW7527+#","Maytag",297,"Built-in","Encastré","Single oven","Four simple","Self-cleaning","Autonettoyante","Self-cleaning","Autonettoyante","Normal bake","Cuisson normale","Normal bake","Cuisson normale",102,,"27","27"
4911347,"WOS51EC0+#","Whirlpool",330,"Built-in","Encastré","Single oven","Four simple","Self-cleaning","Autonettoyante","Self-cleaning","Autonettoyante","Normal bake","Cuisson normale","Normal bake","Cuisson normale",120,,"30","30"
4911348,"WOS92EC0+#","Whirlpool",330,"Built-in","Encastré","Single oven","Four simple","Self-cleaning","Autonettoyante","Self-cleaning","Autonettoyante","Normal bake with convection","Cuisson normale avec convection","Normal bake","Cuisson normale",120,,"30","30"
4911350,"WOD93EC0+#","Whirlpool",324,"Built-in","Encastré","Double oven","Four double","Self-cleaning","Autonettoyante","Self-cleaning","Autonettoyante","Normal bake with convection","Cuisson normale avec convection","Normal bake","Cuisson normale",120,120,"30","30"
4911351,"WOS51EC7+#","Whirlpool",297,"Built-in","Encastré","Single oven","Four simple","Self-cleaning","Autonettoyante","Self-cleaning","Autonettoyante","Normal bake","Cuisson normale","Normal bake","Cuisson normale",102,,"27","27"
4911352,"WOS92EC7+#","Whirlpool",297,"Built-in","Encastré","Single oven","Four simple","Self-cleaning","Autonettoyante","Self-cleaning","Autonettoyante","Normal bake with convection","Cuisson normale avec convection","Normal bake","Cuisson normale",102,,"27","27"
5574881,"MED271JS","Thermador",311.651,"Built-in","Encastré","Single oven","Four simple","Self-cleaning","Autonettoyante","-","-","Normal bake with convection","Cuisson normale avec convection","-","-",94.61,,"27","27"
5574882,"MEDMCW71JS","Thermador",311.651,"Built-in","Encastré","Single oven","Four simple","Self-cleaning","Autonettoyante","-","-","Normal bake with convection","Cuisson normale avec convection","-","-",94.61,,"27","27"
5574883,"MED272JS","Thermador",324.987,"Built-in","Encastré","Double oven","Four double","Self-cleaning","Autonettoyante","Self-cleaning","Autonettoyante","Normal bake with convection","Cuisson normale avec convection","Normal bake with convection","Cuisson normale avec convection",94.61,94.61,"27","27"
5574884,"MED301JS","Thermador",335.924,"Built-in","Encastré","Single oven","Four simple","Self-cleaning","Autonettoyante","-","-","Normal bake with convection","Cuisson normale avec convection","-","-",108.8,,"30","30"
5574885,"ME301JP","Thermador",335.924,"Built-in","Encastré","Single oven","Four simple","Self-cleaning","Autonettoyante","-","-","Normal bake with convection","Cuisson normale avec convection","-","-",108.8,,"30","30"
5574886,"ME301JS","Thermador",335.924,"Built-in","Encastré","Single oven","Four simple","Self-cleaning","Autonettoyante","-","-","Normal bake with convection","Cuisson normale avec convection","-","-",108.8,,"30","30"
5574887,"MED301JP","Thermador",335.924,"Built-in","Encastré","Single oven","Four simple","Self-cleaning","Autonettoyante","-","-","Normal bake with convection","Cuisson normale avec convection","-","-",108.8,,"30","30"
5574888,"MEDMC301JS","Thermador",335.924,"Built-in","Encastré","Single oven","Four simple","Self-cleaning","Autonettoyante","-","-","Normal bake with convection","Cuisson normale avec convection","-","-",108.8,,"30","30"
5574889,"MEDMC301JP","Thermador",335.924,"Built-in","Encastré","Single oven","Four simple","Self-cleaning","Autonettoyante","-","-","Normal bake with convection","Cuisson normale avec convection","-","-",108.8,,"30","30"
5574890,"MEDMCW31JP","Thermador",335.924,"Built-in","Encastré","Single oven","Four simple","Self-cleaning","Autonettoyante","-","-","Normal bake with convection","Cuisson normale avec convection","-","-",108.8,,"30","30"
5574891,"MEDMCW31JS","Thermador",335.924,"Built-in","Encastré","Single oven","Four simple","Self-cleaning","Autonettoyante","-","-","Normal bake with convection","Cuisson normale avec convection","-","-",108.8,,"30","30"
5574892,"POD301J","Thermador",335.924,"Built-in","Encastré","Single oven","Four simple","Self-cleaning","Autonettoyante","-","-","Normal bake with convection","Cuisson normale avec convection","-","-",108.8,,"30","30"
5574893,"PODM301J","Thermador",335.924,"Built-in","Encastré","Single oven","Four simple","Self-cleaning","Autonettoyante","-","-","Normal bake with convection","Cuisson normale avec convection","-","-",108.8,,"30","30"
5574894,"PODMW301J","Thermador",335.924,"Built-in","Encastré","Single oven","Four simple","Self-cleaning","Autonettoyante","-","-","Normal bake with convection","Cuisson normale avec convection","-","-",108.8,,"30","30"
5574895,"MED302JS","Thermador",346.379,"Built-in","Encastré","Double oven","Four double","Self-cleaning","Autonettoyante","Self-cleaning","Autonettoyante","Normal bake with convection","Cuisson normale avec convection","Normal bake with convection","Cuisson normale avec convection",108.8,108.8,"30","30"
5574896,"MED302JP","Thermador",346.379,"Built-in","Encastré","Double oven","Four double","Self-cleaning","Autonettoyante","Self-cleaning","Autonettoyante","Normal bake with convection","Cuisson normale avec convection","Normal bake with convection","Cuisson normale avec convection",108.8,108.8,"30","30"
5574897,"PODC302J","Thermador",346.379,"Built-in","Encastré","Double oven","Four double","Self-cleaning","Autonettoyante","Self-cleaning","Autonettoyante","Normal bake with convection","Cuisson normale avec convection","Normal bake with convection","Cuisson normale avec convection",108.8,108.8,"30","30"
5574898,"ME302JP","Thermador",328.26,"Built-in","Encastré","Double oven","Four double","Self-cleaning","Autonettoyante","Self-cleaning","Autonettoyante","Normal bake with convection","Cuisson normale avec convection","Normal bake","Cuisson normale",108.8,108.8,"30","30"
5574899,"ME302JS","Thermador",328.26,"Built-in","Encastré","Double oven","Four double","Self-cleaning","Autonettoyante","Self-cleaning","Autonettoyante","Normal bake with convection","Cuisson normale avec convection","Normal bake","Cuisson normale",108.8,108.8,"30","30"
5649537,"KEBS109B+#","KitchenAid",345,"Built-in","Encastré","Single oven","Four simple","Self-cleaning","Autonettoyante","-","-","Normal bake with convection","Cuisson normale avec convection","-","-",120,,"30","30"
5649540,"KEBS209B+#","KitchenAid",345,"Built-in","Encastré","Double oven","Four double","Self-cleaning","Autonettoyante","Self-cleaning","Autonettoyante","Normal bake with convection","Cuisson normale avec convection","Normal bake with convection","Cuisson normale avec convection",120,120,"30","30"
8274654,"JCK5000*****","GE",326,"Built-in","Encastré","Single oven","Four simple","Self-cleaning","Autonettoyante","-","-","Normal bake with convection","Cuisson normale avec convection","-","-",98.6,0,"27","27"
8274655,"JCK3000*****","GE",317,"Built-in","Encastré","Single oven","Four simple","Self-cleaning","Autonettoyante","-","-","Normal bake","Cuisson normale","-","-",109.6,0,"27","27"
8274656,"JCK1000*****","GE",291,"Built-in","Encastré","Single oven","Four simple","Non self-cleaning","Non autonettoyante","-","-","Normal bake","Cuisson normale","-","-",109.6,0,"27","27"
8274657,"PCT7050*****","GE",386,"Built-in","Encastré","Single oven","Four simple","Self-cleaning","Autonettoyante","-","-","Normal bake with convection","Cuisson normale avec convection","-","-",103.8,0,"30","30"
8274658,"JCT5000*****","GE",344,"Built-in","Encastré","Single oven","Four simple","Self-cleaning","Autonettoyante","-","-","Normal bake with convection","Cuisson normale avec convection","-","-",119,0,"30","30"
8274659,"JCT3000*****","GE",340,"Built-in","Encastré","Single oven","Four simple","Self-cleaning","Autonettoyante","-","-","Normal bake","Cuisson normale","-","-",132.3,0,"30","30"
8274660,"JCT1000*****","GE",312,"Built-in","Encastré","Single oven","Four simple","Non self-cleaning","Non autonettoyante","-","-","Normal bake","Cuisson normale","-","-",132.3,0,"30","30"
8779380,"H6180BP","Miele",412,"Wall-mounted","Mural","Single oven","Four simple","Self-cleaning","Autonettoyante","-","-","Normal bake with convection","Cuisson normale avec convection","-","-",106,,"30","30"
8779381,"H6280BP","Miele",412,"Wall-mounted","Mural","Single oven","Four simple","Self-cleaning","Autonettoyante","-","-","Normal bake with convection","Cuisson normale avec convection","-","-",106,,"30","30"
8779382,"H6580BP","Miele",412,"Wall-mounted","Mural","Single oven","Four simple","Self-cleaning","Autonettoyante","-","-","Normal bake with convection","Cuisson normale avec convection","-","-",106,,"30","30"
8779383,"H6680BP","Miele",412,"Wall-mounted","Mural","Single oven","Four simple","Self-cleaning","Autonettoyante","-","-","Normal bake with convection","Cuisson normale avec convection","-","-",106,,"30","30"
8779384,"H6780BP","Miele",412,"Wall-mounted","Mural","Single oven","Four simple","Self-cleaning","Autonettoyante","-","-","Normal bake with convection","Cuisson normale avec convection","-","-",106,,"30","30"
8779385,"H6890BP","Miele",412,"Wall-mounted","Mural","Single oven","Four simple","Self-cleaning","Autonettoyante","-","-","Normal bake with convection","Cuisson normale avec convection","-","-",106,,"30","30"
8779386,"H6560B","Miele",235,"Wall-mounted","Mural","Single oven","Four simple","Non self-cleaning","Non autonettoyante","-","-","Normal bake with convection","Cuisson normale avec convection","-","-",66,,"24","24"
8779387,"H2261B","Miele",194,"Wall-mounted","Mural","Single oven","Four simple","Non self-cleaning","Non autonettoyante","-","-","Normal bake with convection","Cuisson normale avec convection","-","-",49,,"24","24"
8975919,"HBL5351UC","Bosch",322,"Built-in","Encastré","Single oven","Four simple","Self-cleaning","Autonettoyante","-","-","Normal bake","Cuisson normale","-","-",112.57,0,"30","30"
8975920,"HBL5551UC","Bosch",326,"Built-in","Encastré","Double oven","Four double","Self-cleaning","Autonettoyante","Self-cleaning","Autonettoyante","Normal bake","Cuisson normale","Normal bake","Cuisson normale",112.57,112.57,"30","30"
8975921,"HBL5451UC","Bosch",331,"Built-in","Encastré","Single oven","Four simple","Self-cleaning","Autonettoyante","-","-","Normal bake with convection","Cuisson normale avec convection","-","-",96.54,0,"30","30"
8975922,"HBN5451UC","Bosch",300,"Built-in","Encastré","Single oven","Four simple","Self-cleaning","Autonettoyante","-","-","Normal bake with convection","Cuisson normale avec convection","-","-",91.46,0,"27","27"
8975923,"HBLP651UC","Bosch",326,"Built-in","Encastré","Double oven","Four double","Self-cleaning","Autonettoyante","Self-cleaning","Autonettoyante","Normal bake with convection","Cuisson normale avec convection","Normal bake with convection","Cuisson normale avec convection",103.43,103.43,"30","30"
8975924,"HBL8451UC","Bosch",318,"Built-in","Encastré","Single oven","Four simple","Self-cleaning","Autonettoyante","-","-","Normal bake with convection","Cuisson normale avec convection","-","-",96.54,0,"30","30"
8975925,"HBLP451UC","Bosch",339,"Built-in","Encastré","Single oven","Four simple","Self-cleaning","Autonettoyante","-","-","Normal bake with convection","Cuisson normale avec convection","-","-",96.54,0,"30","30"
8975926,"HBL8651UC","Bosch",338,"Built-in","Encastré","Double oven","Four double","Self-cleaning","Autonettoyante","Self-cleaning","Autonettoyante","Normal bake with convection","Cuisson normale avec convection","Normal bake","Cuisson normale",103.43,112.57,"30","30"
8975927,"HBN5651UC","Bosch",325,"Built-in","Encastré","Double oven","Four double","Self-cleaning","Autonettoyante","Self-cleaning","Autonettoyante","Normal bake with convection","Cuisson normale avec convection","Normal bake","Cuisson normale",91.46,94.01,"27","27"
8975928,"HBL5651UC","Bosch",317,"Built-in","Encastré","Double oven","Four double","Self-cleaning","Autonettoyante","Self-cleaning","Autonettoyante","Normal bake with convection","Cuisson normale avec convection","Normal bake","Cuisson normale",103.43,112.57,"30","30"
8975930,"HBN8451UC","Bosch",300,"Built-in","Encastré","Single oven","Four simple","Self-cleaning","Autonettoyante","-","-","Normal bake with convection","Cuisson normale avec convection","-","-",91.46,0,"27","27"
8975931,"HBLP651RUC","Bosch",326,"Built-in","Encastré","Double oven","Four double","Self-cleaning","Autonettoyante","Self-cleaning","Autonettoyante","Normal bake with convection","Cuisson normale avec convection","Normal bake with convection","Cuisson normale avec convection",103.43,103.43,"30","30"
8975932,"HBLP651LUC","Bosch",326,"Built-in","Encastré","Double oven","Four double","Self-cleaning","Autonettoyante","Self-cleaning","Autonettoyante","Normal bake with convection","Cuisson normale avec convection","Normal bake with convection","Cuisson normale avec convection",103.43,103.43,"30","30"
8975933,"HBL8461UC","Bosch",318,"Built-in","Encastré","Single oven","Four simple","Self-cleaning","Autonettoyante","-","-","Normal bake with convection","Cuisson normale avec convection","-","-",96.54,0,"30","30"
8975935,"HBLP451RUC","Bosch",339,"Built-in","Encastré","Single oven","Four simple","Self-cleaning","Autonettoyante","-","-","Normal bake with convection","Cuisson normale avec convection","-","-",96.54,0,"30","30"
8975936,"HBLP451LUC","Bosch",339,"Built-in","Encastré","Single oven","Four simple","Self-cleaning","Autonettoyante","-","-","Normal bake with convection","Cuisson normale avec convection","-","-",96.54,0,"30","30"
8975939,"HBL8661UC","Bosch",338,"Built-in","Encastré","Double oven","Four double","Self-cleaning","Autonettoyante","Self-cleaning","Autonettoyante","Normal bake with convection","Cuisson normale avec convection","Normal bake","Cuisson normale",103.43,112.57,"30","30"
8975940,"HBN8651UC","Bosch",325,"Built-in","Encastré","Double oven","Four double","Self-cleaning","Autonettoyante","Self-cleaning","Autonettoyante","Normal bake with convection","Cuisson normale avec convection","Normal bake","Cuisson normale",91.46,94.01,"27","27"
9737317,"DGC4084XL","Miele",195,"Built-in","Encastré","Single oven","Four simple","Non self-cleaning","Non autonettoyante","-","-","Normal bake with convection","Cuisson normale avec convection","-","-",43,,"-","-"
9737318,"DGC4086XL","Miele",195,"Built-in","Encastré","Single oven","Four simple","Non self-cleaning","Non autonettoyante","-","-","Normal bake with convection","Cuisson normale avec convection","-","-",43,,"-","-"
9737319,"DGC6500","Miele",208,"Built-in","Encastré","Single oven","Four simple","Non self-cleaning","Non autonettoyante","-","-","Normal bake with convection","Cuisson normale avec convection","-","-",43,,"-","-"
9737320,"DGC6600","Miele",208,"Built-in","Encastré","Single oven","Four simple","Non self-cleaning","Non autonettoyante","-","-","Normal bake with convection","Cuisson normale avec convection","-","-",43,,"-","-"
9737321,"DGC6700","Miele",208,"Built-in","Encastré","Single oven","Four simple","Non self-cleaning","Non autonettoyante","-","-","Normal bake with convection","Cuisson normale avec convection","-","-",43,,"-","-"
9737322,"DGC6705","Miele",208,"Built-in","Encastré","Single oven","Four simple","Non self-cleaning","Non autonettoyante","-","-","Normal bake with convection","Cuisson normale avec convection","-","-",43,,"-","-"
9737323,"DGC6800","Miele",208,"Built-in","Encastré","Single oven","Four simple","Non self-cleaning","Non autonettoyante","-","-","Normal bake with convection","Cuisson normale avec convection","-","-",43,,"-","-"
9737324,"DGC6805","Miele",208,"Built-in","Encastré","Single oven","Four simple","Non self-cleaning","Non autonettoyante","-","-","Normal bake with convection","Cuisson normale avec convection","-","-",43,,"-","-"
9772397,"HLBD82S","Panasonic",315.44,"Built-in","Encastré","Single oven","Four simple","Self-cleaning","Autonettoyante","Non self-cleaning","Non autonettoyante","Normal bake with convection","Cuisson normale avec convection","-","-",101.62,,"29.7","29.7"
10539278,"SF399XU","Smeg",285,"Built-in","Encastré","Single oven","Four simple","Non self-cleaning","Non autonettoyante","-","-","Normal bake with convection","Cuisson normale avec convection","-","-",64.9,,"24","24"
10539279,"SF112U","Smeg",285,"Built-in","Encastré","Single oven","Four simple","Non self-cleaning","Non autonettoyante","-","-","Normal bake with convection","Cuisson normale avec convection","-","-",64.9,,"24","24"
10539280,"HBE5451UC","Bosch",285,"Built-in","Encastré","Single oven","Four simple","Non self-cleaning","Non autonettoyante","-","-","Normal bake with convection","Cuisson normale avec convection","-","-",64.9,,"24","24"
10604090,"H6880BP","Miele",412,"Wall-mounted","Mural","Single oven","Four simple","Self-cleaning","Autonettoyante","-","-","Normal bake with convection","Cuisson normale avec convection","-","-",106,,"30","30"
10604091,"H6780BP2","Miele",409,"Wall-mounted","Mural","Double oven","Four double","Self-cleaning","Autonettoyante","Self-cleaning","Autonettoyante","Normal bake with convection","Cuisson normale avec convection","Normal bake with convection","Cuisson normale avec convection",106,106,"30","30"
10990239,"FFEW3025","Frigidaire",307,"Built-in","Encastré","Single oven","Four simple","Self-cleaning","Autonettoyante","-","-","Normal bake","Cuisson normale","-","-",116,0,"30","30"
10990240,"FGEW3045","Frigidaire",307,"Built-in","Encastré","Single oven","Four simple","Self-cleaning","Autonettoyante","-","-","Normal bake","Cuisson normale","-","-",116,0,"30","30"
10990241,"FGEW3065","Frigidaire",282,"Built-in","Encastré","Single oven","Four simple","Self-cleaning","Autonettoyante","-","-","Normal bake with convection","Cuisson normale avec convection","-","-",104,0,"30","30"
10990242,"FPEW3085","Frigidaire",277,"Built-in","Encastré","Single oven","Four simple","Self-cleaning","Autonettoyante","-","-","Normal bake with convection","Cuisson normale avec convection","-","-",104,0,"30","30"
10990244,"FGET3065","Frigidaire",325,"Built-in","Encastré","Double oven","Four double","Self-cleaning","Autonettoyante","Self-cleaning","Autonettoyante","Normal bake with convection","Cuisson normale avec convection","Normal bake with convection","Cuisson normale avec convection",104,104,"30","30"
10990246,"790-4942","Kenmore",307,"Built-in","Encastré","Single oven","Four simple","Self-cleaning","Autonettoyante","-","-","Normal bake","Cuisson normale","-","-",116,0,"30","30"
10990247,"790-4951","Kenmore",282,"Built-in","Encastré","Single oven","Four simple","Self-cleaning","Autonettoyante","-","-","Normal bake with convection","Cuisson normale avec convection","-","-",104,0,"30","30"
10990248,"790-4944","Kenmore",293,"Built-in","Encastré","Double oven","Four double","Self-cleaning","Autonettoyante","Self-cleaning","Autonettoyante","Normal bake","Cuisson normale","Normal bake","Cuisson normale",116,116,"30","30"
10990249,"790-4953","Kenmore",325,"Built-in","Encastré","Double oven","Four double","Self-cleaning","Autonettoyante","Self-cleaning","Autonettoyante","Normal bake with convection","Cuisson normale avec convection","Normal bake with convection","Cuisson normale avec convection",104,104,"30","30"
10990250,"FFEW2725","Frigidaire",268,"Built-in","Encastré","Single oven","Four simple","Self-cleaning","Autonettoyante","-","-","Normal bake","Cuisson normale","-","-",94,0,"27","27"
10990251,"FGEW2765","Frigidaire",273,"Built-in","Encastré","Single oven","Four simple","Self-cleaning","Autonettoyante","-","-","Normal bake with convection","Cuisson normale avec convection","-","-",84,0,"27","27"
10990252,"FPEW2785","Frigidaire",273,"Built-in","Encastré","Single oven","Four simple","Self-cleaning","Autonettoyante","-","-","Normal bake with convection","Cuisson normale avec convection","-","-",84,0,"27","27"
10990253,"FFET2725","Frigidaire",278,"Built-in","Encastré","Double oven","Four double","Self-cleaning","Autonettoyante","Self-cleaning","Autonettoyante","Normal bake","Cuisson normale","Normal bake","Cuisson normale",94,94,"27","27"
10990254,"FGET2765","Frigidaire",282,"Built-in","Encastré","Double oven","Four double","Self-cleaning","Autonettoyante","Self-cleaning","Autonettoyante","Normal bake with convection","Cuisson normale avec convection","Normal bake with convection","Cuisson normale avec convection",84,84,"27","27"
10990255,"FPET2785","Frigidaire",282,"Built-in","Encastré","Double oven","Four double","Self-cleaning","Autonettoyante","Self-cleaning","Autonettoyante","Normal bake with convection","Cuisson normale avec convection","Normal bake with convection","Cuisson normale avec convection",84,84,"27","27"
10990256,"790-4940","Kenmore",268,"Built-in","Encastré","Single oven","Four simple","Self-cleaning","Autonettoyante","-","-","Normal bake","Cuisson normale","-","-",94,94,"27","27"
10990257,"790-4950","Kenmore",273,"Built-in","Encastré","Single oven","Four simple","Self-cleaning","Autonettoyante","-","-","Normal bake with convection","Cuisson normale avec convection","-","-",84,84,"27","27"
10990258,"790-4941","Kenmore",278,"Built-in","Encastré","Double oven","Four double","Self-cleaning","Autonettoyante","Self-cleaning","Autonettoyante","Normal bake","Cuisson normale","Normal bake","Cuisson normale",94,94,"27","27"
10990259,"790-4952","Kenmore",282,"Built-in","Encastré","Double oven","Four double","Self-cleaning","Autonettoyante","Self-cleaning","Autonettoyante","Normal bake with convection","Cuisson normale avec convection","Normal bake with convection","Cuisson normale avec convection",84,84,"27","27"
11236047,"KODT100E","KitchenAid",397,"Built-in","Encastré","Double oven","Four double","Self-cleaning","Autonettoyante","Self-cleaning","Autonettoyante","Normal bake","Cuisson normale","Normal bake","Cuisson normale",120,120,"30","30"
11236048,"KODE300E","KitchenAid",397,"Built-in","Encastré","Double oven","Four double","Self-cleaning","Autonettoyante","Self-cleaning","Autonettoyante","Normal bake with convection","Cuisson normale avec convection","Normal bake","Cuisson normale",120,120,"30","30"
11236049,"KODE500E","KitchenAid",397,"Built-in","Encastré","Double oven","Four double","Self-cleaning","Autonettoyante","Self-cleaning","Autonettoyante","Normal bake with convection","Cuisson normale avec convection","Normal bake with convection","Cuisson normale avec convection",120,120,"30","30"
11236050,"KODT107E","KitchenAid",385,"Built-in","Encastré","Double oven","Four double","Self-cleaning","Autonettoyante","Self-cleaning","Autonettoyante","Normal bake","Cuisson normale","Normal bake","Cuisson normale",102,102,"27","27"
11236051,"KODE307E","KitchenAid",385,"Built-in","Encastré","Double oven","Four double","Self-cleaning","Autonettoyante","Self-cleaning","Autonettoyante","Normal bake with convection","Cuisson normale avec convection","Normal bake","Cuisson normale",102,102,"27","27"
11236052,"KODE507E","KitchenAid",410,"Built-in","Encastré","Double oven","Four double","Self-cleaning","Autonettoyante","Self-cleaning","Autonettoyante","Normal bake with convection","Cuisson normale avec convection","Normal bake with convection","Cuisson normale avec convection",105,105,"27","27"
11236053,"KOST100E","KitchenAid",397,"Built-in","Encastré","Single oven","Four simple","Self-cleaning","Autonettoyante","-","-","Normal bake","Cuisson normale","-","-",120,,"30","30"
11236054,"KOST107E","KitchenAid",385,"Built-in","Encastré","Single oven","Four simple","Self-cleaning","Autonettoyante","-","-","Normal bake","Cuisson normale","-","-",102,,"27","27"
11236055,"KOSE500E","KitchenAid",397,"Built-in","Encastré","Single oven","Four simple","Self-cleaning","Autonettoyante","-","-","Normal bake with convection","Cuisson normale avec convection","-","-",120,,"30","30"
11236056,"KOSE507E","KitchenAid",410,"Built-in","Encastré","Single oven","Four simple","Self-cleaning","Autonettoyante","-","-","Normal bake with convection","Cuisson normale avec convection","-","-",105,,"27","27"
11236058,"KEBC147","KitchenAid",344,"Built-in","Encastré","Single oven","Four simple","Self-cleaning","Autonettoyante","-","-","Normal bake","Cuisson normale","-","-",73,,"24","24"
11236063,"KEHU309","KitchenAid",344,"Built-in","Encastré","Single oven","Four simple","Self-cleaning","Autonettoyante","-","-","Normal bake with convection","Cuisson normale avec convection","-","-",105,,"30","30"
11236064,"KEMS309","KitchenAid",345,"Built-in","Encastré","Single oven","Four simple","Self-cleaning","Autonettoyante","-","-","Normal bake with convection","Cuisson normale avec convection","-","-",102,,"30","30"
11236065,"KEMS379","KitchenAid",335,"Built-in","Encastré","Single oven","Four simple","Self-cleaning","Autonettoyante","-","-","Normal bake with convection","Cuisson normale avec convection","-","-",120,,"27","27"
13232949,"LWD3081ST","LG",385,"Built-in","Encastré","Double oven","Four double","Self-cleaning","Autonettoyante","Self-cleaning","Autonettoyante","Normal bake with convection","Cuisson normale avec convection","Normal bake with convection","Cuisson normale avec convection",113.4,113.4,"30","30"
13232950,"LWS3081ST","LG",370,"Built-in","Encastré","Single oven","Four simple","Self-cleaning","Autonettoyante","-","-","Normal bake with convection","Cuisson normale avec convection","-","-",113.4,,"30","30"
14105569,"OB30DDEPX3","Fisher & Paykel",348,"Wall-mounted","Mural","Double oven","Four double","Self-cleaning","Autonettoyante","Self-cleaning","Autonettoyante","Normal bake with convection","Cuisson normale avec convection","Normal bake with convection","Cuisson normale avec convection",97,97,"30","30"
14105570,"OB30DTEPX3","Fisher & Paykel",348,"Wall-mounted","Mural","Double oven","Four double","Self-cleaning","Autonettoyante","Self-cleaning","Autonettoyante","Normal bake with convection","Cuisson normale avec convection","Normal bake with convection","Cuisson normale avec convection",97,97,"30","30"
14105571,"OB30SCEPX3","Fisher & Paykel",345,"Wall-mounted","Mural","Single oven","Four simple","Self-cleaning","Autonettoyante","Self-cleaning","Autonettoyante","Normal bake with convection","Cuisson normale avec convection","Normal bake with convection","Cuisson normale avec convection",97,97,"30","30"
14105572,"OB30SDEPX3","Fisher & Paykel",345,"Wall-mounted","Mural","Single oven","Four simple","Self-cleaning","Autonettoyante","Self-cleaning","Autonettoyante","Normal bake with convection","Cuisson normale avec convection","Normal bake with convection","Cuisson normale avec convection",97,97,"30","30"
14105573,"OB30STEPX3","Fisher & Paykel",345,"Wall-mounted","Mural","Single oven","Four simple","Self-cleaning","Autonettoyante","Self-cleaning","Autonettoyante","Normal bake with convection","Cuisson normale avec convection","Normal bake with convection","Cuisson normale avec convection",97,97,"30","30"
14648539,"KODC304*","KitchenAid",310,"Built-in","Encastré","Double oven","Four double","Self-cleaning","Autonettoyante","Self-cleaning","Autonettoyante","Normal bake with convection","Cuisson normale avec convection","Normal bake","Cuisson normale",79,66,"24","24"
14648540,"KOSC504*","KitchenAid",342,"Built-in","Encastré","Single oven","Four simple","Self-cleaning","Autonettoyante","-","-","Normal bake with convection","Cuisson normale avec convection","-","-",79,,"24","24"
14648541,"WOD51ES4*","Whirlpool",316,"Built-in","Encastré","Double oven","Four double","Self-cleaning","Autonettoyante","Non self-cleaning","Non autonettoyante","Normal bake","Cuisson normale","Normal bake","Cuisson normale",66,66,"24","24"
14648542,"WOS51ES4*","Whirlpool",297,"Built-in","Encastré","Single oven","Four simple","Self-cleaning","Autonettoyante","-","-","Normal bake","Cuisson normale","-","-",66,,"24","24"
14648543,"WOS11EM4*","Whirlpool",307,"Built-in","Encastré","Single oven","Four simple","Non self-cleaning","Non autonettoyante","-","-","Normal bake","Cuisson normale","-","-",66,,"24","24"
14648544,"WOD97ES0*","Whirlpool",397,"Built-in","Encastré","Double oven","Four double","Self-cleaning","Autonettoyante","Self-cleaning","Autonettoyante","Normal bake with convection","Cuisson normale avec convection","Normal bake with convection","Cuisson normale avec convection",120,120,"30","30"
14648545,"WOS97ES0*","Whirlpool",397,"Built-in","Encastré","Single oven","Four simple","Self-cleaning","Autonettoyante","-","-","Normal bake with convection","Cuisson normale avec convection","-","-",120,,"30","30"
14648547,"MEW7627*","Maytag",319,"Built-in","Encastré","Double oven","Four double","Self-cleaning","Autonettoyante","Self-cleaning","Autonettoyante","Normal bake","Cuisson normale","Normal bake","Cuisson normale",102,102,"27","27"
14648548,"MEW9527*","Maytag",410,"Built-in","Encastré","Single oven","Four simple","Self-cleaning","Autonettoyante","-","-","Normal bake with convection","Cuisson normale avec convection","-","-",105,,"27","27"
14648549,"MEW9627*","Maytag",415,"Built-in","Encastré","Double oven","Four double","Self-cleaning","Autonettoyante","Self-cleaning","Autonettoyante","Normal bake with convection","Cuisson normale avec convection","Normal bake","Cuisson normale",105,111,"27","27"
14648550,"WOD51EC0*","Whirlpool",324,"Built-in","Encastré","Double oven","Four double","Self-cleaning","Autonettoyante","Self-cleaning","Autonettoyante","Normal bake","Cuisson normale","Normal bake","Cuisson normale",120,120,"30","30"
14648551,"WOD51EC7*","Whirlpool",319,"Built-in","Encastré","Double oven","Four double","Self-cleaning","Autonettoyante","Self-cleaning","Autonettoyante","Normal bake","Cuisson normale","Normal bake","Cuisson normale",102,102,"27","27"
14648552,"WOD93EC0*","Whirlpool",324,"Built-in","Encastré","Double oven","Four double","Self-cleaning","Autonettoyante","Self-cleaning","Autonettoyante","Normal bake with convection","Cuisson normale avec convection","Normal bake","Cuisson normale",120,120,"30","30"
14648553,"WOD93EC7*","Whirlpool",319,"Built-in","Encastré","Double oven","Four double","Self-cleaning","Autonettoyante","Self-cleaning","Autonettoyante","Normal bake with convection","Cuisson normale avec convection","Normal bake","Cuisson normale",102,102,"27","27"
14648554,"WOS92EC0*","Whirlpool",330,"Built-in","Encastré","Single oven","Four simple","Self-cleaning","Autonettoyante","Self-cleaning","Autonettoyante","Normal bake with convection","Cuisson normale avec convection","Normal bake","Cuisson normale",120,120,"30","30"
14822366,"JJW2427D","Jenn-Air",410,"Built-in","Encastré","Single oven","Four simple","Self-cleaning","Autonettoyante","-","-","Normal bake with convection","Cuisson normale avec convection","-","-",105,,"27","27"
14822367,"JJW2827D","Jenn-Air",410,"Built-in","Encastré","Double oven","Four double","Self-cleaning","Autonettoyante","Self-cleaning","Autonettoyante","Normal bake with convection","Cuisson normale avec convection","Normal bake with convection","Cuisson normale avec convection",105,105,"27","27"
14822368,"JJW2430D","Jenn-Air",397,"Built-in","Encastré","Single oven","Four simple","Self-cleaning","Autonettoyante","-","-","Normal bake with convection","Cuisson normale avec convection","-","-",120,,"30","30"
14822369,"JJW3430D","Jenn-Air",403,"Built-in","Encastré","Single oven","Four simple","Self-cleaning","Autonettoyante","Self-cleaning","Autonettoyante","Normal bake with convection","Cuisson normale avec convection","-","-",111,0,"30","30"
14822370,"JJW2730D","Jenn-Air",397,"Built-in","Encastré","Double oven","Four double","Self-cleaning","Autonettoyante","Self-cleaning","Autonettoyante","Normal bake with convection","Cuisson normale avec convection","Normal bake","Cuisson normale",120,120,"30","30"
14822371,"JJW2830D","Jenn-Air",397,"Built-in","Encastré","Double oven","Four double","Self-cleaning","Autonettoyante","Self-cleaning","Autonettoyante","Normal bake with convection","Cuisson normale avec convection","Normal bake with convection","Cuisson normale avec convection",120,120,"30","30"
14822372,"JJW3830D","Jenn-Air",403,"Built-in","Encastré","Double oven","Four double","Self-cleaning","Autonettoyante","Self-cleaning","Autonettoyante","Normal bake with convection","Cuisson normale avec convection","Normal bake with convection","Cuisson normale avec convection",111,111,"30","30"
14822373,"JJW2727D","Jenn-Air",385,"Built-in","Encastré","Double oven","Four double","Self-cleaning","Autonettoyante","Self-cleaning","Autonettoyante","Normal bake with convection","Cuisson normale avec convection","Normal bake","Cuisson normale",102,102,"27","27"
14822376,"JMW3430D","Jenn-Air",344,"Built-in","Encastré","Single oven","Four simple","Self-cleaning","Autonettoyante","-","-","Normal bake with convection","Cuisson normale avec convection","-","-",111,,"30","30"
14859840,"IBS300D","Ikea",330,"Built-in","Encastré","Single oven","Four simple","Non self-cleaning","Non autonettoyante","-","-","Normal bake","Cuisson normale","-","-",120,,"30","30"
14859841,"IBS350D","Ikea",330,"Built-in","Encastré","Single oven","Four simple","Self-cleaning","Autonettoyante","-","-","Normal bake","Cuisson normale","-","-",120,,"30","30"
14859843,"IBD350D","Ikea",324,"Built-in","Encastré","Double oven","Four double","Self-cleaning","Autonettoyante","Self-cleaning","Autonettoyante","Normal bake","Cuisson normale","Normal bake","Cuisson normale",120,120,"30","30"
14859844,"IBS550D","Ikea",330,"Built-in","Encastré","Single oven","Four simple","Self-cleaning","Autonettoyante","-","-","Normal bake with convection","Cuisson normale avec convection","-","-",120,,"30","30"
14860525,"JJW3430H","Jenn-Air",403,"Built-in","Encastré","Single oven","Four simple","Self-cleaning","Autonettoyante","Self-cleaning","Autonettoyante","Normal bake with convection","Cuisson normale avec convection","-","-",111,0,"30","30"
14860526,"JJW3830H","Jenn-Air",403,"Built-in","Encastré","Double oven","Four double","Self-cleaning","Autonettoyante","Self-cleaning","Autonettoyante","Normal bake with convection","Cuisson normale avec convection","Normal bake with convection","Cuisson normale avec convection",111,111,"30","30"
14862653,"LSWS305ST","LG",370,"Built-in","Encastré","Single oven","Four simple","Self-cleaning","Autonettoyante","-","-","Normal bake with convection","Cuisson normale avec convection","-","-",113.4,,"30","30"
14980670,"EW27EW55","Electrolux",348,"Built-in","Encastré","Single oven","Four simple","Self-cleaning","Autonettoyante","-","-","Normal bake with convection","Cuisson normale avec convection","-","-",84,,"27","27"
14980671,"EI27EW35","Electrolux",348,"Built-in","Encastré","Single oven","Four simple","Self-cleaning","Autonettoyante","-","-","Normal bake with convection","Cuisson normale avec convection","-","-",84,,"30","30"
14980672,"EW30EW55","Electrolux",369,"Built-in","Encastré","Single oven","Four simple","Self-cleaning","Autonettoyante","-","-","Normal bake with convection","Cuisson normale avec convection","-","-",104,,"30","30"
14980673,"EI30EW35","Electrolux",369,"Built-in","Encastré","Single oven","Four simple","Self-cleaning","Autonettoyante","-","-","Normal bake with convection","Cuisson normale avec convection","-","-",104,,"30","30"
14980674,"790.4835","Kenmore",313,"Built-in","Encastré","Single oven","Four simple","Self-cleaning","Autonettoyante","-","-","Normal bake with convection","Cuisson normale avec convection","-","-",117,,"30","30"
14980675,"790.4836","Kenmore",317,"Built-in","Encastré","Single oven","Four simple","Self-cleaning","Autonettoyante","-","-","Normal bake with convection","Cuisson normale avec convection","-","-",117,,"30","30"
14980676,"790.4834","Kenmore",266,"Built-in","Encastré","Single oven","Four simple","Self-cleaning","Autonettoyante","-","-","Normal bake with convection","Cuisson normale avec convection","-","-",84,,"27","27"
14980677,"970C4921","Kenmore",273,"Built-in","Encastré","Single oven","Four simple","Self-cleaning","Autonettoyante","-","-","Normal bake with convection","Cuisson normale avec convection","-","-",84,,"27","27"
14980678,"FGEW276S","Frigidaire",273,"Built-in","Encastré","Single oven","Four simple","Self-cleaning","Autonettoyante","-","-","Normal bake with convection","Cuisson normale avec convection","-","-",84,,"27","27"
14980679,"E30EW75","Electrolux",369,"Built-in","Encastré","Single oven","Four simple","Self-cleaning","Autonettoyante","-","-","Normal bake with convection","Cuisson normale avec convection","-","-",104,,"30","30"
14980680,"EW27EW65","Electrolux",322,"Built-in","Encastré","Double oven","Four double","Self-cleaning","Autonettoyante","Self-cleaning","Autonettoyante","Normal bake with convection","Cuisson normale avec convection","Normal bake with convection","Cuisson normale avec convection",84,84,"27","27"
14980681,"EI27EW45","Electrolux",322,"Built-in","Encastré","Double oven","Four double","Self-cleaning","Autonettoyante","Self-cleaning","Autonettoyante","Normal bake with convection","Cuisson normale avec convection","Normal bake with convection","Cuisson normale avec convection",84,84,"27","27"
14980682,"EW30EW65","Electrolux",369,"Built-in","Encastré","Double oven","Four double","Self-cleaning","Autonettoyante","Self-cleaning","Autonettoyante","Normal bake with convection","Cuisson normale avec convection","Normal bake with convection","Cuisson normale avec convection",104,104,"30","30"
14980683,"EI30EW45","Electrolux",369,"Built-in","Encastré","Double oven","Four double","Self-cleaning","Autonettoyante","Self-cleaning","Autonettoyante","Normal bake with convection","Cuisson normale avec convection","Normal bake with convection","Cuisson normale avec convection",104,104,"30","30"
14980684,"790-4845","Kenmore",309,"Built-in","Encastré","Double oven","Four double","Self-cleaning","Autonettoyante","Self-cleaning","Autonettoyante","Normal bake with convection","Cuisson normale avec convection","Normal bake with convection","Cuisson normale avec convection",117,117,"30","30"
14980685,"790-4847","Kenmore",323,"Built-in","Encastré","Double oven","Four double","Self-cleaning","Autonettoyante","Self-cleaning","Autonettoyante","Normal bake with convection","Cuisson normale avec convection","Normal bake with convection","Cuisson normale avec convection",117,117,"30","30"
14980686,"790-4844","Kenmore",259,"Built-in","Encastré","Double oven","Four double","Self-cleaning","Autonettoyante","Self-cleaning","Autonettoyante","Normal bake with convection","Cuisson normale avec convection","Normal bake with convection","Cuisson normale avec convection",84,84,"27","27"
14980687,"E30EW85","Electrolux",369,"Built-in","Encastré","Double oven","Four double","Self-cleaning","Autonettoyante","Self-cleaning","Autonettoyante","Normal bake with convection","Cuisson normale avec convection","Normal bake with convection","Cuisson normale avec convection",104,104,"30","30"
14980711,"AWO6313","Amana",454,"Built-in","Encastré","Single oven","Four simple","Self-cleaning","Autonettoyante","-","-","Normal bake","Cuisson normale","-","-",127,,"30","30"
14980712,"AWO6317","Amana",422,"Built-in","Encastré","Single oven","Four simple","Self-cleaning","Autonettoyante","-","-","Normal bake","Cuisson normale","-","-",111,,"27","27"
14981018,"H6560BP","Miele",235,"Wall-mounted","Mural","Single oven","Four simple","Self-cleaning","Autonettoyante","-","-","Normal bake with convection","Cuisson normale avec convection","-","-",66,,"24","24"
14981019,"H6660BP","Miele",235,"Wall-mounted","Mural","Single oven","Four simple","Self-cleaning","Autonettoyante","-","-","Normal bake with convection","Cuisson normale avec convection","-","-",66,,"24","24"
14982317,"DGC6500-1","Miele",208,"Built-in","Encastré","Single oven","Four simple","Non self-cleaning","Non autonettoyante","-","-","Normal bake with convection","Cuisson normale avec convection","-","-",43,,"-","-"
14982318,"DGC6600-1","Miele",208,"Built-in","Encastré","Single oven","Four simple","Non self-cleaning","Non autonettoyante","-","-","Normal bake with convection","Cuisson normale avec convection","-","-",43,,"-","-"
14982319,"DGC6700-1","Miele",208,"Built-in","Encastré","Single oven","Four simple","Non self-cleaning","Non autonettoyante","-","-","Normal bake with convection","Cuisson normale avec convection","-","-",43,,"-","-"
14982320,"DGC6705-1","Miele",208,"Built-in","Encastré","Single oven","Four simple","Non self-cleaning","Non autonettoyante","-","-","Normal bake with convection","Cuisson normale avec convection","-","-",43,,"-","-"
14982321,"DGC6800-1","Miele",208,"Built-in","Encastré","Single oven","Four simple","Non self-cleaning","Non autonettoyante","-","-","Normal bake with convection","Cuisson normale avec convection","-","-",43,,"-","-"
14982322,"DGC6805-1","Miele",208,"Built-in","Encastré","Single oven","Four simple","Non self-cleaning","Non autonettoyante","-","-","Normal bake with convection","Cuisson normale avec convection","-","-",43,,"-","-"
14985409,"AN-2300","Ancona",206,"Wall-mounted","Mural","Single oven","Four simple","Non self-cleaning","Non autonettoyante","-","-","Normal bake with convection","Cuisson normale avec convection","-","-",57.1,0,"23.375","23.375"
14985410,"AN-2301","Ancona",203,"Wall-mounted","Mural","Single oven","Four simple","Non self-cleaning","Non autonettoyante","-","-","Normal bake with convection","Cuisson normale avec convection","-","-",57.1,0,"23.375","23.375"
15198939,"KEBS207+#","KitchenAid",345,"Built-in","Encastré","Double oven","Four double","Self-cleaning","Autonettoyante","Self-cleaning","Autonettoyante","Normal bake with convection","Cuisson normale avec convection","Normal bake with convection","Cuisson normale avec convection",120,120,"30","30"
15201088,"KEBS109E","KitchenAid",397,"Built-in","Encastré","Single oven","Four simple","Self-cleaning","Autonettoyante","-","-","Normal bake with convection","Cuisson normale avec convection","-","-",120,,"30","30"
15201089,"KEBS209E","KitchenAid",397,"Built-in","Encastré","Double oven","Four double","Self-cleaning","Autonettoyante","Self-cleaning","Autonettoyante","Normal bake with convection","Cuisson normale avec convection","Normal bake with convection","Cuisson normale avec convection",120,120,"30","30"
15799742,"WOS97ES0ES","Whirlpool",366,"Built-in","Encastré","Single oven","Four simple","Self-cleaning","Autonettoyante","-","-","Normal bake with convection","Cuisson normale avec convection","-","-",120,,"30","30"
15799743,"WOD97ES0ES","Whirlpool",343,"Built-in","Encastré","Double oven","Four double","Self-cleaning","Autonettoyante","Self-cleaning","Autonettoyante","Normal bake with convection","Cuisson normale avec convection","Normal bake with convection","Cuisson normale avec convection",120,120,"30","30"
15799744,"KEBS207E","KitchenAid",397,"Built-in","Encastré","Double oven","Four double","Self-cleaning","Autonettoyante","Self-cleaning","Autonettoyante","Normal bake with convection","Cuisson normale avec convection","Normal bake with convection","Cuisson normale avec convection",120,120,"30","30"
16305122,"F1SM24S2","Fulgor Milano",206,"Built-in","Encastré","Single oven","Four simple","Non self-cleaning","Non autonettoyante","-","-","Normal bake with convection","Cuisson normale avec convection","-","-",54.7,,"24","24"
16604527,"LSWS306ST","LG",415,"Built-in","Encastré","Single oven","Four simple","Self-cleaning","Autonettoyante","-","-","Normal bake with convection","Cuisson normale avec convection","-","-",113.4,,"30","30"
16604528,"LWS3063ST","LG",415,"Built-in","Encastré","Single oven","Four simple","Self-cleaning","Autonettoyante","-","-","Normal bake with convection","Cuisson normale avec convection","-","-",113.4,,"30","30"
16682067,"MEW9530","Maytag",438,"Built-in","Encastré","Single oven","Four simple","Self-cleaning","Autonettoyante","-","-","Normal bake with convection","Cuisson normale avec convection","-","-",119,,"30","30"
16682068,"MEW9527","Maytag",410,"Built-in","Encastré","Single oven","Four simple","Self-cleaning","Autonettoyante","-","-","Normal bake with convection","Cuisson normale avec convection","-","-",105,,"27","27"
16682069,"WOS92EC0","Whirlpool",438,"Built-in","Encastré","Single oven","Four simple","Self-cleaning","Autonettoyante","-","-","Normal bake with convection","Cuisson normale avec convection","-","-",119,,"30","30"
16682070,"WOS92EC7","Whirlpool",410,"Built-in","Encastré","Single oven","Four simple","Self-cleaning","Autonettoyante","-","-","Normal bake with convection","Cuisson normale avec convection","-","-",105,,"27","27"
16682071,"MEW9630","Maytag",446,"Built-in","Encastré","Double oven","Four double","Self-cleaning","Autonettoyante","Self-cleaning","Autonettoyante","Normal bake with convection","Cuisson normale avec convection","Normal bake","Cuisson normale",119,127,"30","30"
16682072,"MEW9627","Maytag",415,"Built-in","Encastré","Double oven","Four double","Self-cleaning","Autonettoyante","Self-cleaning","Autonettoyante","Normal bake with convection","Cuisson normale avec convection","Normal bake","Cuisson normale",104,112,"27","27"
16682073,"WOD93EC0","Whirlpool",446,"Built-in","Encastré","Double oven","Four double","Self-cleaning","Autonettoyante","Self-cleaning","Autonettoyante","Normal bake with convection","Cuisson normale avec convection","Normal bake","Cuisson normale",119,127,"30","30"
16682074,"WOD93EC7","Whirlpool",415,"Built-in","Encastré","Double oven","Four double","Self-cleaning","Autonettoyante","Self-cleaning","Autonettoyante","Normal bake with convection","Cuisson normale avec convection","Normal bake","Cuisson normale",104,112,"27","27"
16682075,"KOCE507E","KitchenAid",410,"Built-in","Encastré","Single oven","Four simple","Self-cleaning","Autonettoyante","-","-","Normal bake with convection","Cuisson normale avec convection","-","-",105,,"27","27"
17695665,"HBL57M52UC","Bosch",331,"Built-in","Encastré","Single oven","Four simple","Self-cleaning","Autonettoyante","-","-","Normal bake with convection","Cuisson normale avec convection","-","-",96.54,0,"30","30"
17695666,"HBL87M52UC","Bosch",318,"Built-in","Encastré","Single oven","Four simple","Self-cleaning","Autonettoyante","-","-","Normal bake with convection","Cuisson normale avec convection","-","-",96.54,0,"30","30"
17695667,"HBL8752UC","Bosch",339,"Built-in","Encastré","Single oven","Four simple","Self-cleaning","Autonettoyante","-","-","Normal bake with convection","Cuisson normale avec convection","-","-",96.54,0,"30","30"
17695668,"HBLP752UC","Bosch",339,"Built-in","Encastré","Single oven","Four simple","Self-cleaning","Autonettoyante","-","-","Normal bake with convection","Cuisson normale avec convection","-","-",96.54,0,"30","30"
17699205,"FFEW2415","Frigidaire",177,"Built-in","Encastré","Single oven","Four simple","Self-cleaning","Autonettoyante","-","-","Normal bake","Cuisson normale","-","-",59,,"24","24"
17699206,"FFEW2425","Frigidaire",195,"Built-in","Encastré","Double oven","Four double","Self-cleaning","Autonettoyante","Non self-cleaning","Non autonettoyante","Normal bake","Cuisson normale","-","-",59,59,"24","24"
17699207,"790-4027","Kenmore",177,"Built-in","Encastré","Single oven","Four simple","Self-cleaning","Autonettoyante","-","-","Normal bake","Cuisson normale","-","-",59,,"24","24"
17699208,"790-4028","Kenmore",195,"Built-in","Encastré","Double oven","Four double","Self-cleaning","Autonettoyante","Non self-cleaning","Non autonettoyante","Normal bake","Cuisson normale","-","-",59,59,"24","24"
17699209,"790-4025","Kenmore",221,"Built-in","Encastré","Single oven","Four simple","Non self-cleaning","Non autonettoyante","-","-","Normal bake","Cuisson normale","-","-",59,,"24","24"
17967601,"WOC54EC0","Whirlpool",330,"Built-in","Encastré","Single oven","Four simple","Self-cleaning","Autonettoyante","-","-","Normal bake","Cuisson normale","-","-",120,,"30","30"
17967602,"WOC54EC7","Whirlpool",297,"Built-in","Encastré","Single oven","Four simple","Self-cleaning","Autonettoyante","-","-","Normal bake","Cuisson normale","-","-",102,,"27","27"
18443082,"MEW7630D","Maytag",324,"Built-in","Encastré","Double oven","Four double","Self-cleaning","Autonettoyante","Self-cleaning","Autonettoyante","Normal bake","Cuisson normale","Normal bake","Cuisson normale",120,120,"30","30"
18443083,"JJW2327W","Jenn-Air",317,"Built-in","Encastré","Single oven","Four simple","Self-cleaning","Autonettoyante","-","-","Normal bake","Cuisson normale","-","-",85,,"27","27"
18443084,"JJW2427W","Jenn-Air",317,"Built-in","Encastré","Single oven","Four simple","Self-cleaning","Autonettoyante","-","-","Normal bake","Cuisson normale","-","-",85,,"27","27"
18443085,"JJW2827W","Jenn-Air",316,"Built-in","Encastré","Double oven","Four double","Self-cleaning","Autonettoyante","Self-cleaning","Autonettoyante","Normal bake with convection","Cuisson normale avec convection","Normal bake with convection","Cuisson normale avec convection",85,85,"27","27"
18443086,"JJW2330W","Jenn-Air",344,"Built-in","Encastré","Single oven","Four simple","Self-cleaning","Autonettoyante","-","-","Normal bake","Cuisson normale","-","-",111,,"30","30"
18443087,"JJW2430W","Jenn-Air",344,"Built-in","Encastré","Single oven","Four simple","Self-cleaning","Autonettoyante","-","-","Normal bake with convection","Cuisson normale avec convection","-","-",111,,"30","30"
18443088,"JJW3430W","Jenn-Air",344,"Built-in","Encastré","Single oven","Four simple","Self-cleaning","Autonettoyante","-","-","Normal bake with convection","Cuisson normale avec convection","-","-",111,,"30","30"
18443089,"JJW2830W","Jenn-Air",342,"Built-in","Encastré","Double oven","Four double","Self-cleaning","Autonettoyante","Self-cleaning","Autonettoyante","Normal bake with convection","Cuisson normale avec convection","Normal bake with convection","Cuisson normale avec convection",111,111,"30","30"
18443090,"JJW3830W","Jenn-Air",342,"Built-in","Encastré","Double oven","Four double","Self-cleaning","Autonettoyante","Self-cleaning","Autonettoyante","Normal bake with convection","Cuisson normale avec convection","Normal bake with convection","Cuisson normale avec convection",111,111,"30","30"
18443091,"MEW7530D","Maytag",330,"Built-in","Encastré","Single oven","Four simple","Self-cleaning","Autonettoyante","-","-","Normal bake","Cuisson normale","-","-",120,,"30","30"
18443092,"MEW7527D","Maytag",297,"Built-in","Encastré","Single oven","Four simple","Self-cleaning","Autonettoyante","-","-","Normal bake","Cuisson normale","-","-",102,,"27","27"
18443093,"WOS51EC0A","Whirlpool",330,"Built-in","Encastré","Single oven","Four simple","Self-cleaning","Autonettoyante","-","-","Normal bake","Cuisson normale","-","-",120,,"30","30"
18443094,"WOS51EC7A","Whirlpool",297,"Built-in","Encastré","Single oven","Four simple","Self-cleaning","Autonettoyante","-","-","Normal bake","Cuisson normale","-","-",102,,"27","27"
18443095,"KEBS209B","KitchenAid",345,"Built-in","Encastré","Double oven","Four double","Self-cleaning","Autonettoyante","Self-cleaning","Autonettoyante","Normal bake with convection","Cuisson normale avec convection","Normal bake with convection","Cuisson normale avec convection",120,120,"30","30"
18443096,"KEBC147*","KitchenAid",344,"Built-in","Encastré","Single oven","Four simple","Self-cleaning","Autonettoyante","-","-","Normal bake","Cuisson normale","-","-",73,,"24","24"
18443097,"KOCE500E","KitchenAid",397,"Built-in","Encastré","Single oven","Four simple","Self-cleaning","Autonettoyante","-","-","Normal bake with convection","Cuisson normale avec convection","-","-",120,,"30","30"
18443098,"JMW2430*","Jenn-Air",344,"Built-in","Encastré","Single oven","Four simple","Self-cleaning","Autonettoyante","-","-","Normal bake with convection","Cuisson normale avec convection","-","-",111,,"30","30"
18443099,"MMW7730D","Maytag",330,"Built-in","Encastré","Single oven","Four simple","Self-cleaning","Autonettoyante","-","-","Normal bake","Cuisson normale","-","-",120,,"30","30"
18443100,"WOC95EC0A","Whirlpool",438,"Built-in","Encastré","Single oven","Four simple","Self-cleaning","Autonettoyante","-","-","Normal bake with convection","Cuisson normale avec convection","-","-",119,,"30","30"
18443101,"WOD51EC0A","Whirlpool",324,"Built-in","Encastré","Double oven","Four double","Self-cleaning","Autonettoyante","Self-cleaning","Autonettoyante","Normal bake","Cuisson normale","Normal bake","Cuisson normale",120,120,"30","30"
18443102,"WOD51EC7A","Whirlpool",319,"Built-in","Encastré","Double oven","Four double","Self-cleaning","Autonettoyante","Self-cleaning","Autonettoyante","Normal bake","Cuisson normale","Normal bake","Cuisson normale",102,102,"27","27"
18443103,"JJW3430*","Jenn-Air",403,"Built-in","Encastré","Single oven","Four simple","Self-cleaning","Autonettoyante","-","-","Normal bake with convection","Cuisson normale avec convection","-","-",111,,"30","30"
18443104,"JJW3830*","Jenn-Air",403,"Built-in","Encastré","Double oven","Four double","Self-cleaning","Autonettoyante","Self-cleaning","Autonettoyante","Normal bake with convection","Cuisson normale avec convection","Normal bake with convection","Cuisson normale avec convection",111,111,"30","30"
18443105,"KODC304E","KitchenAid",310,"Built-in","Encastré","Double oven","Four double","Self-cleaning","Autonettoyante","Self-cleaning","Autonettoyante","Normal bake with convection","Cuisson normale avec convection","Normal bake","Cuisson normale",79,65,"24","24"
18443106,"KOSC504E","KitchenAid",342,"Built-in","Encastré","Single oven","Four simple","Self-cleaning","Autonettoyante","-","-","Normal bake with convection","Cuisson normale avec convection","-","-",79,,"24","24"
18443107,"WOD51ES4E","Whirlpool",316,"Built-in","Encastré","Double oven","Four double","Self-cleaning","Autonettoyante","Non self-cleaning","Non autonettoyante","Normal bake","Cuisson normale","Normal bake","Cuisson normale",66,66,"24","24"
18443108,"WOS51ES4E","Whirlpool",297,"Built-in","Encastré","Single oven","Four simple","Self-cleaning","Autonettoyante","-","-","Normal bake","Cuisson normale","-","-",66,,"24","24"
18443109,"WOS11EM4E","Whirlpool",307,"Built-in","Encastré","Single oven","Four simple","Non self-cleaning","Non autonettoyante","-","-","Normal bake","Cuisson normale","-","-",66,,"24","24"
18443110,"MEW7627D","Maytag",319,"Built-in","Encastré","Double oven","Four double","Self-cleaning","Autonettoyante","Self-cleaning","Autonettoyante","Normal bake","Cuisson normale","Normal bake","Cuisson normale",102,102,"27","27"
18443111,"AWO6317SF","Amana",422,"Built-in","Encastré","Single oven","Four simple","Self-cleaning","Autonettoyante","-","-","Normal bake","Cuisson normale","-","-",111,,"27","27"
18443112,"AWO6313SF","Amana",454,"Built-in","Encastré","Single oven","Four simple","Self-cleaning","Autonettoyante","-","-","Normal bake","Cuisson normale","-","-",127,,"30","30"
18443113,"WOC97ES0E","Whirlpool",366,"Built-in","Encastré","Single oven","Four simple","Self-cleaning","Autonettoyante","-","-","Normal bake with convection","Cuisson normale avec convection","-","-",120,,"30","30"
18443114,"MEW9530*","Maytag",438,"Built-in","Encastré","Single oven","Four simple","Self-cleaning","Autonettoyante","-","-","Normal bake with convection","Cuisson normale avec convection","-","-",119,,"30","30"
18443115,"WOS92EC0A","Whirlpool",438,"Built-in","Encastré","Single oven","Four simple","Self-cleaning","Autonettoyante","-","-","Normal bake with convection","Cuisson normale avec convection","-","-",119,,"30","30"
18443116,"WOS92EC7*","Whirlpool",410,"Built-in","Encastré","Single oven","Four simple","Self-cleaning","Autonettoyante","-","-","Normal bake with convection","Cuisson normale avec convection","-","-",105,,"27","27"
18443117,"MEW9630*","Maytag",446,"Built-in","Encastré","Double oven","Four double","Self-cleaning","Autonettoyante","Self-cleaning","Autonettoyante","Normal bake with convection","Cuisson normale avec convection","Normal bake","Cuisson normale",119,127,"30","30"
18443118,"WOD93EC0A","Whirlpool",446,"Built-in","Encastré","Double oven","Four double","Self-cleaning","Autonettoyante","Self-cleaning","Autonettoyante","Normal bake with convection","Cuisson normale avec convection","Normal bake","Cuisson normale",119,127,"30","30"
18443119,"WOD93EC7A","Whirlpool",415,"Built-in","Encastré","Double oven","Four double","Self-cleaning","Autonettoyante","Self-cleaning","Autonettoyante","Normal bake with convection","Cuisson normale avec convection","Normal bake","Cuisson normale",105,111,"27","27"
18443120,"MMW9727*","Maytag",410,"Built-in","Encastré","Single oven","Four simple","Self-cleaning","Autonettoyante","-","-","Normal bake with convection","Cuisson normale avec convection","-","-",105,,"27","27"
18443121,"MMW9730*","Maytag",438,"Built-in","Encastré","Single oven","Four simple","Self-cleaning","Autonettoyante","-","-","Normal bake with convection","Cuisson normale avec convection","-","-",119,,"30","30"
19248081,"F1SM24S3","Fulgor Milano",206,"Built-in","Encastré","Single oven","Four simple","Non self-cleaning","Non autonettoyante","-","-","Normal bake with convection","Cuisson normale avec convection","-","-",54.7,,"24","24"
19248082,"F1SM30S1","Fulgor Milano",266,"Built-in","Encastré","Single oven","Four simple","Non self-cleaning","Non autonettoyante","-","-","Normal bake with convection","Cuisson normale avec convection","-","-",71.8,,"30","30"
19248083,"F1SP24S2","Fulgor Milano",239,"Built-in","Encastré","Single oven","Four simple","Self-cleaning","Autonettoyante","-","-","Normal bake with convection","Cuisson normale avec convection","-","-",58.6,,"24","24"
19248084,"F1SP30S1","Fulgor Milano",301,"Built-in","Encastré","Single oven","Four simple","Self-cleaning","Autonettoyante","-","-","Normal bake with convection","Cuisson normale avec convection","-","-",71.8,,"30","30"
19248085,"F4SP30S1","Fulgor Milano",334,"Built-in","Encastré","Single oven","Four simple","Self-cleaning","Autonettoyante","-","-","Normal bake with convection","Cuisson normale avec convection","-","-",103.7,,"30","30"
19248086,"F7SP30S1","Fulgor Milano",361,"Built-in","Encastré","Single oven","Four simple","Self-cleaning","Autonettoyante","-","-","Normal bake with convection","Cuisson normale avec convection","-","-",103.8,,"30","30"
19248087,"F7SP30B1","Fulgor Milano",361,"Built-in","Encastré","Single oven","Four simple","Self-cleaning","Autonettoyante","-","-","Normal bake with convection","Cuisson normale avec convection","-","-",103.8,,"30","30"
19248088,"F7SP30W1","Fulgor Milano",361,"Built-in","Encastré","Single oven","Four simple","Self-cleaning","Autonettoyante","-","-","Normal bake with convection","Cuisson normale avec convection","-","-",103.8,,"30","30"
19248089,"F6PSP30S1","Fulgor Milano",344,"Built-in","Encastré","Single oven","Four simple","Self-cleaning","Autonettoyante","-","-","Normal bake with convection","Cuisson normale avec convection","-","-",103.8,,"30","30"
19248090,"F7DP30S1","Fulgor Milano",359,"Built-in","Encastré","Double oven","Four double","Self-cleaning","Autonettoyante","Self-cleaning","Autonettoyante","Normal bake with convection","Cuisson normale avec convection","Normal bake with convection","Cuisson normale avec convection",103.8,103.8,"30","30"
19248091,"F7DP30B1","Fulgor Milano",359,"Built-in","Encastré","Double oven","Four double","Self-cleaning","Autonettoyante","Self-cleaning","Autonettoyante","Normal bake with convection","Cuisson normale avec convection","Normal bake with convection","Cuisson normale avec convection",103.8,103.8,"30","30"
19248092,"F7DP30W1","Fulgor Milano",359,"Built-in","Encastré","Double oven","Four double","Self-cleaning","Autonettoyante","Self-cleaning","Autonettoyante","Normal bake with convection","Cuisson normale avec convection","Normal bake with convection","Cuisson normale avec convection",103.8,103.8,"30","30"
19248093,"F6PDP30S1","Fulgor Milano",364,"Built-in","Encastré","Double oven","Four double","Self-cleaning","Autonettoyante","Self-cleaning","Autonettoyante","Normal bake with convection","Cuisson normale avec convection","Normal bake with convection","Cuisson normale avec convection",103.8,103.8,"30","30"
