"REC_REF_KEY","MODEL_NUM_1","BRAND_NAME","AEC_03","RANGE_TYPE_LABEL_EN","RANGE_TYPE_LABEL_FR","COOKTOP_TYPE_LABEL_EN","COOKTOP_TYPE_LABEL_FR","OVEN_EQUIP_TYPE_LABEL_EN","OVEN_EQUIP_TYPE_LABEL_FR","OVEN_TYPE_LABEL_EN","OVEN_TYPE_LABEL_FR","OVEN_COOK_METH_LABEL_EN","OVEN_COOK_METH_LABEL_FR","USE_OVEN_SPACE_LOWER","USE_OVEN_SPACE_UPPER","NOMINAL_WIDTH_LABEL_EN","NOMINAL_WIDTH_LABEL_FR"
223784,"CGLEF379XXX","Frigidaire",493,"Freestanding","Autostable","Smooth top","Surface vitrifiée","Single oven","Four simple","Self-cleaning","Autonettoyant","Normal bake","Cuisson normale",0,127,"30","30"
223921,"RCB787XXXXX","Hotpoint",513,"Freestanding","Autostable","Smooth top","Surface vitrifiée","Single oven","Four simple","Self-cleaning","Autonettoyant","Normal bake","Cuisson normale",0,99.9,"30","30"
223923,"RCB757XXXXX","Hotpoint",502,"Freestanding","Autostable","Conventional top","Surface classique","Single oven","Four simple","Self-cleaning","Autonettoyant","Normal bake","Cuisson normale",0,99.9,"30","30"
223924,"RCBS536XXXX","Hotpoint",579,"Freestanding","Autostable","Conventional top","Surface classique","Single oven","Four simple","Non self-cleaning","Non autonettoyant","Normal bake","Cuisson normale",0,99.9,"30","30"
223927,"MCB757XXXXX","Moffat",502,"Freestanding","Autostable","Conventional top","Surface classique","Single oven","Four simple","Self-cleaning","Autonettoyant","Normal bake","Cuisson normale",0,99.9,"30","30"
327148,"RCBS787XXXXX","Hotpoint",524,"Freestanding","Autostable","Smooth top","Surface vitrifiée","Single oven","Four simple","Non self-cleaning","Non autonettoyant","Normal bake","Cuisson normale",0,99.9,"30","30"
327153,"MCBS585XXXXX","Moffat",524,"Freestanding","Autostable","Smooth top","Surface vitrifiée","Single oven","Four simple","Non self-cleaning","Non autonettoyant","Normal bake","Cuisson normale",0,99.9,"30","30"
327155,"MCBS523XXXXX","Moffat",572,"Freestanding","Autostable","Conventional top","Surface classique","Single oven","Four simple","Non self-cleaning","Non autonettoyant","Normal bake","Cuisson normale",0,99.9,"30","30"
826963,"MCB787XXXXX","Moffat",474,"Freestanding","Autostable","Smooth top","Surface vitrifiée","Single oven","Four simple","Self-cleaning","Autonettoyant","Normal bake","Cuisson normale",0,99.9,"30","30"
1356783,"CWEF310XXX","Frigidaire",505,"Freestanding","Autostable","Conventional top","Surface classique","Single oven","Four simple","Non self-cleaning","Non autonettoyant","Normal bake","Cuisson normale",0,111,"30","30"
1356789,"CCRE350XXX","Frigidaire",505,"Freestanding","Autostable","Smooth top","Surface vitrifiée","Single oven","Four simple","Self-cleaning","Autonettoyant","Normal bake","Cuisson normale",0,125,"30","30"
1357453,"OR24SDPWSX*","Fisher & Paykel",470,"Freestanding","Autostable","Smooth top","Surface vitrifiée","Single oven","Four simple","Self-cleaning","Autonettoyant","Normal bake with forced convection","Cuisson normale avec convection forcée",0,52,"24","24"
1404047,"A1XU6","Smeg",305,"Built-in","Encastré","Conventional top","Surface classique","Single oven","Four simple","Non self-cleaning","Non autonettoyant","Normal bake with forced convection","Cuisson normale avec convection forcée",0,77.5,"36","36"
1404048,"C9GMXU","Smeg",400,"Built-in","Encastré","Conventional top","Surface classique","Single oven","Four simple","Non self-cleaning","Non autonettoyant","Normal bake with forced convection","Cuisson normale avec convection forcée",0,108.9,"36","36"
1404049,"A3XU6","Smeg",245,"Built-in","Encastré","Conventional top","Surface classique","Double oven","Four double","Non self-cleaning","Non autonettoyant","Normal bake with forced convection","Cuisson normale avec convection forcée",41.8,85,"47","47"
1603265,"CBC980XXXXX","GE",508,"Freestanding","Autostable","Smooth top","Surface vitrifiée","Single oven","Four simple","Self-cleaning","Autonettoyant","Normal bake with forced convection","Cuisson normale avec convection forcée",0,99.9,"30","30"
2078224,"CGEF3032XX","Frigidaire",525,"Freestanding","Autostable","Smooth top","Surface vitrifiée","Single oven","Four simple","Self-cleaning","Autonettoyant","Normal bake","Cuisson normale",0,125,"30","30"
2078225,"CGEF3042XX","Frigidaire",525,"Freestanding","Autostable","Smooth top","Surface vitrifiée","Single oven","Four simple","Self-cleaning","Autonettoyant","Normal bake","Cuisson normale",0,125,"30","30"
2078226,"CGEF3057XX","Frigidaire",611,"Freestanding","Autostable","Smooth top","Surface vitrifiée","Single oven","Four simple","Self-cleaning","Autonettoyant","Normal bake with forced convection","Cuisson normale avec convection forcée",0,127,"30","30"
2078227,"CGEF3077XX","Frigidaire",611,"Freestanding","Autostable","Smooth top","Surface vitrifiée","Single oven","Four simple","Self-cleaning","Autonettoyant","Normal bake with forced convection","Cuisson normale avec convection forcée",0,127,"30","30"
2113557,"A1AU6","Smeg",305,"Built-in","Encastré","Conventional top","Surface classique","Single oven","Four simple","Non self-cleaning","Non autonettoyant","Normal bake with forced convection","Cuisson normale avec convection forcée",0,77.5,"36","36"
2113558,"A1NU6","Smeg",305,"Built-in","Encastré","Conventional top","Surface classique","Single oven","Four simple","Non self-cleaning","Non autonettoyant","Normal bake with forced convection","Cuisson normale avec convection forcée",0,77.5,"36","36"
2113559,"A1PU6","Smeg",305,"Built-in","Encastré","Conventional top","Surface classique","Single oven","Four simple","Non self-cleaning","Non autonettoyant","Normal bake with forced convection","Cuisson normale avec convection forcée",0,77.5,"36","36"
2113560,"A1RWU6","Smeg",305,"Built-in","Encastré","Conventional top","Surface classique","Single oven","Four simple","Non self-cleaning","Non autonettoyant","Normal bake with forced convection","Cuisson normale avec convection forcée",0,77.5,"36","36"
2117014,"CGEF3031XX","Frigidaire",606,"Freestanding","Autostable","Smooth top","Surface vitrifiée","Single oven","Four simple","Self-cleaning","Autonettoyant","Normal bake with forced convection","Cuisson normale avec convection forcée",0,132,"30","30"
2117015,"CGEF3041XX","Frigidaire",606,"Freestanding","Autostable","Smooth top","Surface vitrifiée","Single oven","Four simple","Self-cleaning","Autonettoyant","Normal bake with forced convection","Cuisson normale avec convection forcée",0,141,"30","30"
2117016,"CGEF3055XX","Frigidaire",611,"Freestanding","Autostable","Smooth top","Surface vitrifiée","Single oven","Four simple","Self-cleaning","Autonettoyant","Normal bake with forced convection","Cuisson normale avec convection forcée",0,127,"30","30"
2151439,"PRD304GHC","Thermador",344.4,"Freestanding","Autostable","-","-","Single oven","Four simple","Self-cleaning","Autonettoyant","Normal bake with forced convection","Cuisson normale avec convection forcée",0,74.1,"30","30"
2151441,"PRD364GDHC","Thermador",362.2,"Freestanding","Autostable","-","-","Single oven","Four simple","Self-cleaning","Autonettoyant","Normal bake with forced convection","Cuisson normale avec convection forcée",0,85.3,"36","36"
2151443,"PRD366GHC","Thermador",362.2,"Freestanding","Autostable","-","-","Single oven","Four simple","Self-cleaning","Autonettoyant","Normal bake with forced convection","Cuisson normale avec convection forcée",0,85.3,"36","36"
2151445,"PRD486GDHC","Thermador",319.6,"Freestanding","Autostable","-","-","Double oven","Four double","Self-cleaning","Autonettoyant","Normal bake with forced convection","Cuisson normale avec convection forcée",35.7,74.1,"48","48"
2891558,"YKER507+*#","KitchenAid",540,"Freestanding","Autostable","Smooth top","Surface vitrifiée","Double oven","Four double","Self-cleaning","Autonettoyant","Normal bake with forced convection","Cuisson normale avec convection forcée",107,56,"30","30"
3472644,"CFSEE24*","DeLonghi",470,"Freestanding","Autostable","Smooth top","Surface vitrifiée","Single oven","Four simple","Self-cleaning","Autonettoyant","Normal bake with forced convection","Cuisson normale avec convection forcée",0,52,"24","24"
3472713,"YIES350","Ikea",515,"Freestanding","Autostable","Smooth top","Surface vitrifiée","Single oven","Four simple","Non self-cleaning","Non autonettoyant","Normal bake","Cuisson normale",0,89,"30","30"
3472716,"JCSP42XXXXX","GE",532.903,"Built-in","Encastré","Smooth top","Surface vitrifiée","Single oven","Four simple","Self-cleaning","Autonettoyant","Normal bake","Cuisson normale",0,122,"30","30"
3472717,"JCSP46XXXXX","GE",547.093,"Built-in","Encastré","Smooth top","Surface vitrifiée","Single oven","Four simple","Self-cleaning","Autonettoyant","Normal bake with forced convection","Cuisson normale avec convection forcée",0,121,"30","30"
3472718,"PCS905XXXXX","GE",522.513,"Built-in","Encastré","Smooth top","Surface vitrifiée","Single oven","Four simple","Self-cleaning","Autonettoyant","Normal bake","Cuisson normale",0,132,"30","30"
3472719,"PCS968XXXXX","GE",569.717,"Built-in","Encastré","Smooth top","Surface vitrifiée","Single oven","Four simple","Self-cleaning","Autonettoyant","Normal bake with forced convection","Cuisson normale avec convection forcée",0,130,"30","30"
3472720,"PCB900XXXXX","GE",614.25,"Freestanding","Autostable","Smooth top","Surface vitrifiée","Single oven","Four simple","Self-cleaning","Autonettoyant","Normal bake","Cuisson normale",0,156,"30","30"
3472721,"PCB909XXXXX","GE",602.127,"Freestanding","Autostable","Smooth top","Surface vitrifiée","Single oven","Four simple","Self-cleaning","Autonettoyant","Normal bake with forced convection","Cuisson normale avec convection forcée",0,152,"30","30"
3472722,"PCB969XXXXX","GE",592.57,"Freestanding","Autostable","Smooth top","Surface vitrifiée","Single oven","Four simple","Self-cleaning","Autonettoyant","Normal bake with forced convection","Cuisson normale avec convection forcée",0,152,"30","30"
3472723,"PCB970XXXXX","GE",593.097,"Freestanding","Autostable","Smooth top","Surface vitrifiée","Single oven","Four simple","Self-cleaning","Autonettoyant","Normal bake with forced convection","Cuisson normale avec convection forcée",0,152,"30","30"
3828404,"JCBP720","GE Allura",494,"Freestanding","Autostable","Smooth top","Surface vitrifiée","Single oven","Four simple","Self-cleaning","Autonettoyant","Normal bake","Cuisson normale",0,99.9,"30","30"
3828405,"JCBP820","GE Allura",534,"Freestanding","Autostable","Smooth top","Surface vitrifiée","Single oven","Four simple","Self-cleaning","Autonettoyant","Normal bake with forced convection","Cuisson normale avec convection forcée",0,107.5,"30","30"
4026134,"CCRE3530XXX","Frigidaire",505,"Freestanding","Autostable","Conventional top","Surface classique","Single oven","Four simple","Non self-cleaning","Non autonettoyant","Normal bake","Cuisson normale",0,111,"30","30"
4026135,"CCRE3860XXX","Frigidaire",505,"Freestanding","Autostable","Conventional top","Surface classique","Single oven","Four simple","Self-cleaning","Autonettoyant","Normal bake","Cuisson normale",0,111,"30","30"
4026136,"CCRE3880XXX","Frigidaire",540,"Freestanding","Autostable","Smooth top","Surface vitrifiée","Single oven","Four simple","Self-cleaning","Autonettoyant","Normal bake","Cuisson normale",0,132,"30","30"
4026137,"CFEF3005XX","Frigidaire",505,"Freestanding","Autostable","Conventional top","Surface classique","Single oven","Four simple","Non self-cleaning","Non autonettoyant","Normal bake","Cuisson normale",0,111,"30","30"
4026138,"CFEF3007XX","Frigidaire",505,"Freestanding","Autostable","Conventional top","Surface classique","Single oven","Four simple","Non self-cleaning","Non autonettoyant","Normal bake","Cuisson normale",0,111,"30","30"
4026139,"CFEF3012XX","Frigidaire",526,"Freestanding","Autostable","Smooth top","Surface vitrifiée","Single oven","Four simple","Non self-cleaning","Non autonettoyant","Normal bake","Cuisson normale",0,111,"30","30"
4026140,"CFEF3014XX","Frigidaire",540,"Freestanding","Autostable","Smooth top","Surface vitrifiée","Single oven","Four simple","Self-cleaning","Autonettoyant","Normal bake","Cuisson normale",0,132,"30","30"
4026141,"CFEF3016XX","Frigidaire",505,"Freestanding","Autostable","Conventional top","Surface classique","Single oven","Four simple","Self-cleaning","Autonettoyant","Normal bake","Cuisson normale",0,111,"30","30"
4026142,"CFEF3018XX","Frigidaire",500,"Freestanding","Autostable","Smooth top","Surface vitrifiée","Single oven","Four simple","Self-cleaning","Autonettoyant","Normal bake","Cuisson normale",0,127,"30","30"
4026143,"CFEF3019XX","Frigidaire",556,"Freestanding","Autostable","Smooth top","Surface vitrifiée","Single oven","Four simple","Self-cleaning","Autonettoyant","Normal bake","Cuisson normale",0,146,"30","30"
4026144,"CFEF3020XX","Frigidaire",500,"Freestanding","Autostable","Smooth top","Surface vitrifiée","Single oven","Four simple","Self-cleaning","Autonettoyant","Normal bake","Cuisson normale",0,127,"30","30"
4026145,"CFEF3022XX","Frigidaire",556,"Freestanding","Autostable","Smooth top","Surface vitrifiée","Single oven","Four simple","Self-cleaning","Autonettoyant","Normal bake","Cuisson normale",0,146,"30","30"
4026146,"CFEF3046XX","Frigidaire",505,"Freestanding","Autostable","Smooth top","Surface vitrifiée","Single oven","Four simple","Self-cleaning","Autonettoyant","Normal bake","Cuisson normale",0,111,"30","30"
4026147,"CFEF3048XX","Frigidaire",500,"Freestanding","Autostable","Smooth top","Surface vitrifiée","Single oven","Four simple","Self-cleaning","Autonettoyant","Normal bake","Cuisson normale",0,127,"30","30"
4026148,"CFEF3049XX","Frigidaire",556,"Freestanding","Autostable","Smooth top","Surface vitrifiée","Single oven","Four simple","Self-cleaning","Autonettoyant","Normal bake","Cuisson normale",0,146,"30","30"
4026149,"CFEF3050XX","Frigidaire",500,"Freestanding","Autostable","Smooth top","Surface vitrifiée","Single oven","Four simple","Self-cleaning","Autonettoyant","Normal bake","Cuisson normale",0,127,"30","30"
4026150,"CFEF3052XX","Frigidaire",556,"Freestanding","Autostable","Smooth top","Surface vitrifiée","Single oven","Four simple","Self-cleaning","Autonettoyant","Normal bake","Cuisson normale",0,146,"30","30"
4026151,"CFEF3104XX","Frigidaire",540,"Freestanding","Autostable","Smooth top","Surface vitrifiée","Single oven","Four simple","Self-cleaning","Autonettoyant","Normal bake","Cuisson normale",0,132,"30","30"
4026152,"CGEF3034XX","Frigidaire",582,"Freestanding","Autostable","Smooth top","Surface vitrifiée","Single oven","Four simple","Self-cleaning","Autonettoyant","Normal bake","Cuisson normale",0,140,"30","30"
4026154,"CWEF311XXX","Frigidaire",505,"Freestanding","Autostable","Conventional top","Surface classique","Single oven","Four simple","Non self-cleaning","Non autonettoyant","Normal bake","Cuisson normale",0,111,"30","30"
4422655,"JCBS250XXXXX","GE",522,"Freestanding","Autostable","Conventional top","Surface classique","Single oven","Four simple","Non self-cleaning","Non autonettoyant","Normal bake","Cuisson normale",0,99.9,"30","30"
4422656,"JCBS280XXXXX","GE",522,"Freestanding","Autostable","Conventional top","Surface classique","Single oven","Four simple","Non self-cleaning","Non autonettoyant","Normal bake","Cuisson normale",0,99.9,"30","30"
4422657,"JCBP250XXXXX","GE",465,"Freestanding","Autostable","Conventional top","Surface classique","Single oven","Four simple","Self-cleaning","Autonettoyant","Normal bake","Cuisson normale",0,99.9,"30","30"
4422658,"JCBP270XXXXX","GE",465,"Freestanding","Autostable","Conventional top","Surface classique","Single oven","Four simple","Self-cleaning","Autonettoyant","Normal bake","Cuisson normale",0,99.9,"30","30"
4422659,"JCBP240XXXXX","GE",468,"Freestanding","Autostable","Conventional top","Surface classique","Single oven","Four simple","Self-cleaning","Autonettoyant","Normal bake","Cuisson normale",0,99.9,"30","30"
4422660,"JCBP350XXXXX","GE",526,"Freestanding","Autostable","Conventional top","Surface classique","Single oven","Four simple","Self-cleaning","Autonettoyant","Normal bake","Cuisson normale",0,125.3,"30","30"
4422661,"JCBP400XXXXX","GE",506,"Freestanding","Autostable","Conventional top","Surface classique","Single oven","Four simple","Self-cleaning","Autonettoyant","Normal bake with forced convection","Cuisson normale avec convection forcée",0,123.5,"30","30"
4422662,"JCBS630XXXXX","GE",521,"Freestanding","Autostable","Smooth top","Surface vitrifiée","Single oven","Four simple","Non self-cleaning","Non autonettoyant","Normal bake","Cuisson normale",0,99.9,"30","30"
4422663,"JCBS640XXXXX","GE",519,"Freestanding","Autostable","Smooth top","Surface vitrifiée","Single oven","Four simple","Non self-cleaning","Non autonettoyant","Normal bake","Cuisson normale",0,99.9,"30","30"
4422664,"JCBP620XXXXX","GE",563,"Freestanding","Autostable","Smooth top","Surface vitrifiée","Single oven","Four simple","Self-cleaning","Autonettoyant","Normal bake","Cuisson normale",0,99.9,"30","30"
4422665,"JCBP630XXXXX","GE",563,"Freestanding","Autostable","Smooth top","Surface vitrifiée","Single oven","Four simple","Self-cleaning","Autonettoyant","Normal bake","Cuisson normale",0,99.9,"30","30"
4422666,"JCBP660XXXXX","GE",505,"Freestanding","Autostable","Smooth top","Surface vitrifiée","Single oven","Four simple","Self-cleaning","Autonettoyant","Normal bake","Cuisson normale",0,99.9,"30","30"
4422667,"JCBP670XXXXX","GE",577,"Freestanding","Autostable","Smooth top","Surface vitrifiée","Single oven","Four simple","Self-cleaning","Autonettoyant","Normal bake","Cuisson normale",0,125.3,"30","30"
4422668,"JCBP780XXXXX","GE",553,"Freestanding","Autostable","Smooth top","Surface vitrifiée","Single oven","Four simple","Self-cleaning","Autonettoyant","Normal bake","Cuisson normale",0,125.3,"30","30"
4422669,"JCBP790XXXXX","GE",536,"Freestanding","Autostable","Smooth top","Surface vitrifiée","Single oven","Four simple","Self-cleaning","Autonettoyant","Normal bake with forced convection","Cuisson normale avec convection forcée",0,123.5,"30","30"
4422670,"JCBP800XXXXX","GE",535,"Freestanding","Autostable","Smooth top","Surface vitrifiée","Single oven","Four simple","Self-cleaning","Autonettoyant","Normal bake with forced convection","Cuisson normale avec convection forcée",0,123.5,"30","30"
4422671,"JCBP810XXXXX","GE",535,"Freestanding","Autostable","Smooth top","Surface vitrifiée","Single oven","Four simple","Self-cleaning","Autonettoyant","Normal bake with forced convection","Cuisson normale avec convection forcée",0,123.5,"30","30"
4422672,"JCBP840XXXXX","GE",544,"Freestanding","Autostable","Smooth top","Surface vitrifiée","Single oven","Four simple","Self-cleaning","Autonettoyant","Normal bake with forced convection","Cuisson normale avec convection forcée",0,123.5,"30","30"
4655419,"PRD364JDGC","Thermador",707.6,"Freestanding","Autostable","-","-","Single oven","Four simple","Self-cleaning","Autonettoyant","Normal bake with forced convection","Cuisson normale avec convection forcée",0,161.4,"36","36"
4655420,"PRD366JGC","Thermador",707.6,"Freestanding","Autostable","-","-","Single oven","Four simple","Self-cleaning","Autonettoyant","Normal bake with forced convection","Cuisson normale avec convection forcée",0,161.4,"36","36"
4655421,"PRD486JDGC","Thermador",516.6,"Freestanding","Autostable","-","-","Double oven","Four double","Self-cleaning","Autonettoyant","Normal bake with forced convection","Cuisson normale avec convection forcée",65.6,161.4,"48","48"
4655422,"PRD48JDSGC","Thermador",580.7,"Freestanding","Autostable","-","-","Double oven","Four double","Self-cleaning","Autonettoyant","Normal bake with forced convection","Cuisson normale avec convection forcée",34.8,141.8,"48","48"
4911364,"6210","Heartland",517.6,"Freestanding","Autostable","Smooth top","Surface vitrifiée","Single oven","Four simple","Self-cleaning","Autonettoyant","Normal bake with forced convection","Cuisson normale avec convection forcée",0,77.76,"47","47"
4911365,"8210","Heartland",530.7,"Freestanding","Autostable","Smooth top","Surface vitrifiée","Single oven","Four simple","Self-cleaning","Autonettoyant","Normal bake with forced convection","Cuisson normale avec convection forcée",0,77.76,"30","30"
5685497,"LSE3090ST","LG",718,"Freestanding","Autostable","Smooth top","Surface vitrifiée","Single oven","Four simple","Self-cleaning","Autonettoyant","Normal bake with forced convection","Cuisson normale avec convection forcée",0,135.8,"30","30"
5957318,"LSE3092ST","LG",647,"Freestanding","Autostable","Smooth top","Surface vitrifiée","Single oven","Four simple","Self-cleaning","Autonettoyant","Normal bake with forced convection","Cuisson normale avec convection forcée",0,135.8,"30","30"
6188327,"YWFE710","Whirlpool",598,"Freestanding","Autostable","Smooth top","Surface vitrifiée","Single oven","Four simple","Non self-cleaning","Non autonettoyant","Normal bake with forced convection","Cuisson normale avec convection forcée",0,140,"30","30"
6188328,"YWFE540","Whirlpool",590,"Freestanding","Autostable","Smooth top","Surface vitrifiée","Single oven","Four simple","Non self-cleaning","Non autonettoyant","Normal bake with forced convection","Cuisson normale avec convection forcée",0,140,"30","30"
6202366,"JCBP690XXXXXX","GE",535,"Freestanding","Autostable","Smooth top","Surface vitrifiée","Single oven","Four simple","Self-cleaning","Autonettoyant","Normal bake","Cuisson normale",0,125.3,"30","30"
6202367,"JCBS650XXXXXX","GE",545,"Freestanding","Autostable","Smooth top","Surface vitrifiée","Single oven","Four simple","Non self-cleaning","Non autonettoyant","Normal bake","Cuisson normale",0,103.37,"30","30"
7589504,"NE58F9710**","Samsung",680,"Built-in","Encastré","Smooth top","Surface vitrifiée","Single oven","Four simple","Self-cleaning","Autonettoyant","Normal bake with forced convection","Cuisson normale avec convection forcée",0,144,"30","30"
7589505,"NE58F9500**","Samsung",695,"Built-in","Encastré","Smooth top","Surface vitrifiée","Single oven","Four simple","Self-cleaning","Autonettoyant","Normal bake with forced convection","Cuisson normale avec convection forcée",0,144,"30","30"
8086240,"JCBS660XXXXX","GE",545,"Freestanding","Autostable","Smooth top","Surface vitrifiée","Single oven","Four simple","Non self-cleaning","Non autonettoyant","Normal bake","Cuisson normale",0,103.37,"30","30"
8086241,"JCB530XXXXX","GE",526,"Freestanding","Autostable","Conventional top","Surface classique","Single oven","Four simple","Self-cleaning","Autonettoyant","Normal bake","Cuisson normale",0,125.3,"30","30"
8086242,"JCB560XXXXX","GE",506,"Freestanding","Autostable","Conventional top","Surface classique","Single oven","Four simple","Self-cleaning","Autonettoyant","Normal bake with forced convection","Cuisson normale avec convection forcée",0,123.5,"30","30"
8086243,"JCB630XXXXX","GE",563,"Freestanding","Autostable","Smooth top","Surface vitrifiée","Single oven","Four simple","Self-cleaning","Autonettoyant","Normal bake","Cuisson normale",0,99.9,"30","30"
8086244,"JCB635XXXXX","GE",563,"Freestanding","Autostable","Smooth top","Surface vitrifiée","Single oven","Four simple","Self-cleaning","Autonettoyant","Normal bake","Cuisson normale",0,99.9,"30","30"
8086245,"JCB730XXXXX","GE",505,"Freestanding","Autostable","Smooth top","Surface vitrifiée","Single oven","Four simple","Self-cleaning","Autonettoyant","Normal bake","Cuisson normale",0,99.9,"30","30"
8086246,"JCB830XXXXX","GE",545,"Freestanding","Autostable","Smooth top","Surface vitrifiée","Single oven","Four simple","Self-cleaning","Autonettoyant","Normal bake with forced convection","Cuisson normale avec convection forcée",0,123.5,"30","30"
8086247,"JCB840XXXXX","GE",564,"Freestanding","Autostable","Smooth top","Surface vitrifiée","Single oven","Four simple","Self-cleaning","Autonettoyant","Normal bake with forced convection","Cuisson normale avec convection forcée",0,123.5,"30","30"
8086248,"JCB860XXXXX","GE",564,"Freestanding","Autostable","Smooth top","Surface vitrifiée","Single oven","Four simple","Self-cleaning","Autonettoyant","Normal bake with forced convection","Cuisson normale avec convection forcée",0,123.5,"30","30"
8086249,"JCB870XXXXX","GE",597,"Freestanding","Autostable","Smooth top","Surface vitrifiée","Single oven","Four simple","Self-cleaning","Autonettoyant","Normal bake with forced convection","Cuisson normale avec convection forcée",0,123.5,"30","30"
8779111,"CVESC530-4B","Brigade",647,"Freestanding","Autostable","Smooth top","Surface vitrifiée","Single oven","Four simple","Self-cleaning","Autonettoyant","Normal bake with forced convection","Cuisson normale avec convection forcée",0,116.099,"30","30"
8779112,"CRVER330-5B","Brigade",626,"Freestanding","Autostable","Smooth top","Surface vitrifiée","Single oven","Four simple","Self-cleaning","Autonettoyant","Normal bake with forced convection","Cuisson normale avec convection forcée",0,114.931,"30","30"
8779114,"OR30SDPWIX*","Fisher & Paykel",346,"Freestanding","Autostable","induction","induction","Single oven","Four simple","Self-cleaning","Autonettoyant","Normal bake with forced convection","Cuisson normale avec convection forcée",0,78,"30","30"
8779115,"OR30SDPWSX*","Fisher & Paykel",577,"Freestanding","Autostable","Smooth top","Surface vitrifiée","Single oven","Four simple","Self-cleaning","Autonettoyant","Normal bake with forced convection","Cuisson normale avec convection forcée",0,78,"30","30"
8779117,"JCSP41XXXXX","GE",533,"Built-in","Encastré","Smooth top","Surface vitrifiée","Single oven","Four simple","Self-cleaning","Autonettoyant","Normal bake","Cuisson normale",0,122,"30","30"
8779118,"MCBS525XXXX","Moffat",579,"Freestanding","Autostable","Conventional top","Surface classique","Single oven","Four simple","Non self-cleaning","Non autonettoyant","Normal bake","Cuisson normale",0,99.9,"30","30"
8779119,"PCB905XXXXX","GE",621,"Freestanding","Autostable","Smooth top","Surface vitrifiée","Single oven","Four simple","Self-cleaning","Autonettoyant","Normal bake with forced convection","Cuisson normale avec convection forcée",0,154,"30","30"
8779120,"JCAP750XXXXX","GE",452,"Freestanding","Autostable","Conventional top","Surface classique","Single oven","Four simple","Self-cleaning","Autonettoyant","Normal bake","Cuisson normale",0,60.5,"24","24"
8779121,"JCAP765XXXXX","GE",464,"Freestanding","Autostable","Smooth top","Surface vitrifiée","Single oven","Four simple","Self-cleaning","Autonettoyant","Normal bake","Cuisson normale",0,60.5,"24","24"
8779122,"JCAP760XXXXX","GE",484,"Freestanding","Autostable","Smooth top","Surface vitrifiée","Single oven","Four simple","Self-cleaning","Autonettoyant","Normal bake","Cuisson normale",0,60.5,"24","24"
8779123,"JCAS745XXXXX","GE",441,"Freestanding","Autostable","Smooth top","Surface vitrifiée","Single oven","Four simple","Non self-cleaning","Non autonettoyant","Normal bake","Cuisson normale",0,60.5,"24","24"
8779124,"JCS630XXXXX","GE",533,"Built-in","Encastré","Smooth top","Surface vitrifiée","Single oven","Four simple","Self-cleaning","Autonettoyant","Normal bake","Cuisson normale",0,122,"30","30"
8779125,"JCS860XXXXX","GE",547,"Built-in","Encastré","Smooth top","Surface vitrifiée","Single oven","Four simple","Self-cleaning","Autonettoyant","Normal bake with forced convection","Cuisson normale avec convection forcée",0,121,"30","30"
8779126,"PCS940XXXXX","GE",570,"Built-in","Encastré","Smooth top","Surface vitrifiée","Single oven","Four simple","Self-cleaning","Autonettoyant","Normal bake with forced convection","Cuisson normale avec convection forcée",0,130,"30","30"
8779127,"PCB910XXXXX","GE",602,"Freestanding","Autostable","Smooth top","Surface vitrifiée","Single oven","Four simple","Self-cleaning","Autonettoyant","Normal bake with forced convection","Cuisson normale avec convection forcée",0,152,"30","30"
8779128,"PCB940XXXXX","GE",614,"Freestanding","Autostable","Smooth top","Surface vitrifiée","Single oven","Four simple","Self-cleaning","Autonettoyant","Normal bake with forced convection","Cuisson normale avec convection forcée",0,154,"30","30"
8779129,"PCB980XXXXX","GE",593,"Freestanding","Autostable","Smooth top","Surface vitrifiée","Single oven","Four simple","Self-cleaning","Autonettoyant","Normal bake with forced convection","Cuisson normale avec convection forcée",0,152,"30","30"
8779219,"970C5031","Kenmore",545,"Freestanding","Autostable","Smooth top","Surface vitrifiée","Single oven","Four simple","Self-cleaning","Autonettoyant","Normal bake","Cuisson normale",0,83,"30","30"
8779220,"970C5032","Kenmore",505,"Freestanding","Autostable","Smooth top","Surface vitrifiée","Single oven","Four simple","Self-cleaning","Autonettoyant","Normal bake","Cuisson normale",0,111,"30","30"
8779221,"970C5033","Kenmore",491,"Freestanding","Autostable","Smooth top","Surface vitrifiée","Single oven","Four simple","Self-cleaning","Autonettoyant","Normal bake","Cuisson normale",0,111,"30","30"
8779222,"970C5035","Kenmore",491,"Freestanding","Autostable","Smooth top","Surface vitrifiée","Single oven","Four simple","Self-cleaning","Autonettoyant","Normal bake","Cuisson normale",0,111,"30","30"
8779223,"970C5037","Kenmore",540,"Freestanding","Autostable","Smooth top","Surface vitrifiée","Single oven","Four simple","Self-cleaning","Autonettoyant","Normal bake","Cuisson normale",0,125,"30","30"
8779224,"970C6030","Kenmore",527,"Freestanding","Autostable","Smooth top","Surface vitrifiée","Single oven","Four simple","Self-cleaning","Autonettoyant","Normal bake","Cuisson normale",0,125,"30","30"
8779225,"970C6032","Kenmore",527,"Freestanding","Autostable","Smooth top","Surface vitrifiée","Single oven","Four simple","Self-cleaning","Autonettoyant","Normal bake","Cuisson normale",0,136,"30","30"
8779226,"970C6034","Kenmore",556,"Freestanding","Autostable","Smooth top","Surface vitrifiée","Single oven","Four simple","Self-cleaning","Autonettoyant","Normal bake","Cuisson normale",0,136,"30","30"
8779227,"970C6231","Kenmore",556,"Freestanding","Autostable","Smooth top","Surface vitrifiée","Single oven","Four simple","Self-cleaning","Autonettoyant","Normal bake","Cuisson normale",0,136,"30","30"
8779228,"970C6233","Kenmore",556,"Freestanding","Autostable","Smooth top","Surface vitrifiée","Single oven","Four simple","Self-cleaning","Autonettoyant","Normal bake","Cuisson normale",0,136,"30","30"
8779229,"970C6332","Kenmore",544,"Freestanding","Autostable","Smooth top","Surface vitrifiée","Single oven","Four simple","Self-cleaning","Autonettoyant","Normal bake","Cuisson normale",0,146,"30","30"
8779230,"970C6334","Kenmore",544,"Freestanding","Autostable","Smooth top","Surface vitrifiée","Single oven","Four simple","Self-cleaning","Autonettoyant","Normal bake","Cuisson normale",0,146,"30","30"
8779231,"970C6531","Kenmore",579,"Freestanding","Autostable","Smooth top","Surface vitrifiée","Single oven","Four simple","Self-cleaning","Autonettoyant","Normal bake with forced convection","Cuisson normale avec convection forcée",0,146,"30","30"
8779232,"970C6533","Kenmore",579,"Freestanding","Autostable","Smooth top","Surface vitrifiée","Single oven","Four simple","Self-cleaning","Autonettoyant","Normal bake with forced convection","Cuisson normale avec convection forcée",0,146,"30","30"
8779233,"970C6535","Kenmore",579,"Freestanding","Autostable","Smooth top","Surface vitrifiée","Single oven","Four simple","Self-cleaning","Autonettoyant","Normal bake with forced convection","Cuisson normale avec convection forcée",0,126,"30","30"
8779234,"970C6537","Kenmore",585,"Freestanding","Autostable","Smooth top","Surface vitrifiée","Single oven","Four simple","Self-cleaning","Autonettoyant","Normal bake with forced convection","Cuisson normale avec convection forcée",0,138,"30","30"
8779235,"970C6938","Kenmore",579,"Freestanding","Autostable","Smooth top","Surface vitrifiée","Single oven","Four simple","Self-cleaning","Autonettoyant","Normal bake with forced convection","Cuisson normale avec convection forcée",0,146,"30","30"
8779236,"CGEF3040XX","Frigidaire",505,"Freestanding","Autostable","Smooth top","Surface vitrifiée","Single oven","Four simple","Self-cleaning","Autonettoyant","Normal bake","Cuisson normale",0,127,"30","30"
8779238,"CMEF3008XXX","Frigidaire",505,"Freestanding","Autostable","Conventional top","Surface classique","Single oven","Four simple","Non self-cleaning","Non autonettoyant","Normal bake","Cuisson normale",0,111,"30","30"
8872599,"YWFE330","Whirlpool",560,"Freestanding","Autostable","Smooth top","Surface vitrifiée","Single oven","Four simple","Non self-cleaning","Non autonettoyant","Normal bake","Cuisson normale",0,128,"30","30"
8872600,"YWFE510","Whirlpool",514,"Freestanding","Autostable","Smooth top","Surface vitrifiée","Single oven","Four simple","Self-cleaning","Autonettoyant","Normal bake","Cuisson normale",0,89,"30","30"
8872601,"YWFE530","Whirlpool",553,"Freestanding","Autostable","Smooth top","Surface vitrifiée","Single oven","Four simple","Non self-cleaning","Non autonettoyant","Normal bake with forced convection","Cuisson normale avec convection forcée",0,128,"30","30"
8872602,"YACR3230","Amana",502,"Freestanding","Autostable","Conventional top","Surface classique","Single oven","Four simple","Non self-cleaning","Non autonettoyant","Normal bake","Cuisson normale",0,89,"30","30"
8872604,"YWFC150","Whirlpool",518,"Freestanding","Autostable","Conventional top","Surface classique","Single oven","Four simple","Non self-cleaning","Non autonettoyant","Normal bake","Cuisson normale",0,89,"30","30"
8872605,"YWFC310","Whirlpool",487,"Freestanding","Autostable","Conventional top","Surface classique","Single oven","Four simple","Self-cleaning","Autonettoyant","Normal bake","Cuisson normale",0,89,"30","30"
8872606,"YKERS202","KitchenAid",592,"Freestanding","Autostable","Smooth top","Surface vitrifiée","Single oven","Four simple","Non self-cleaning","Non autonettoyant","Normal bake with forced convection","Cuisson normale avec convection forcée",0,140,"30","30"
8872607,"YKERS303","KitchenAid",614,"Freestanding","Autostable","Smooth top","Surface vitrifiée","Single oven","Four simple","Non self-cleaning","Non autonettoyant","Normal bake with forced convection","Cuisson normale avec convection forcée",0,140,"30","30"
8872608,"YKERS306","KitchenAid",589,"Freestanding","Autostable","Smooth top","Surface vitrifiée","Single oven","Four simple","Non self-cleaning","Non autonettoyant","Normal bake with forced convection","Cuisson normale avec convection forcée",0,140,"30","30"
8952704,"NE58H9950**","Samsung",680,"Built-in","Encastré","Smooth top","Surface vitrifiée","Single oven","Four simple","Self-cleaning","Autonettoyant","Normal bake with forced convection","Cuisson normale avec convection forcée",0,144,"30","30"
8975941,"HEI8054C","Bosch",562,"Built-in","Encastré","Smooth top","Surface vitrifiée","Single oven","Four simple","Self-cleaning","Autonettoyant","Normal bake with forced convection","Cuisson normale avec convection forcée",0,105.26,"30","30"
8975942,"HEIP054C","Bosch",571,"Built-in","Encastré","Smooth top","Surface vitrifiée","Single oven","Four simple","Self-cleaning","Autonettoyant","Normal bake with forced convection","Cuisson normale avec convection forcée",0,105.26,"30","30"
10300709,"DER241WC","Danby Designer",430,"Freestanding","Autostable","Conventional top","Surface classique","Single oven","Four simple","Non self-cleaning","Non autonettoyant","Normal bake","Cuisson normale",0,60.5,"24","24"
10539281,"S9GMXU","Smeg",350,"Built-in","Encastré","Conventional top","Surface classique","Single oven","Four simple","Non self-cleaning","Non autonettoyant","Normal bake with forced convection","Cuisson normale avec convection forcée",0,107.1,"36","36"
10539282,"TRU90BL","Smeg",350,"Built-in","Encastré","Conventional top","Surface classique","Single oven","Four simple","Non self-cleaning","Non autonettoyant","Normal bake with forced convection","Cuisson normale avec convection forcée",0,113.9,"36","36"
10539283,"TRU90P","Smeg",350,"Built-in","Encastré","Conventional top","Surface classique","Single oven","Four simple","Non self-cleaning","Non autonettoyant","Normal bake with forced convection","Cuisson normale avec convection forcée",0,113.9,"36","36"
10539284,"TRU90X","Smeg",350,"Built-in","Encastré","Conventional top","Surface classique","Single oven","Four simple","Non self-cleaning","Non autonettoyant","Normal bake with forced convection","Cuisson normale avec convection forcée",0,113.9,"36","36"
10990219,"PRD364NLGC","Thermador",433.4,"Freestanding","Autostable","-","-","Single oven","Four simple","Self-cleaning","Autonettoyant","Normal bake with forced convection","Cuisson normale avec convection forcée",0,0,"36","36"
10990220,"PRD486NLGC","Thermador",355.2,"Freestanding","Autostable","-","-","Double oven","Four double","Self-cleaning","Autonettoyant","Normal bake with forced convection","Cuisson normale avec convection forcée",65.6,161.4,"48","48"
10990221,"PRD484NCGC","Thermador",355.2,"Freestanding","Autostable","-","-","Double oven","Four double","Self-cleaning","Autonettoyant","Normal bake with forced convection","Cuisson normale avec convection forcée",65.6,161.4,"48","48"
10990222,"PRD48NLSGC","Thermador",397.9,"Freestanding","Autostable","-","-","Double oven","Four double","Self-cleaning","Autonettoyant","Normal bake with forced convection","Cuisson normale avec convection forcée",34.8,141.8,"48","48"
10990223,"PRD48NCSGC","Thermador",397.9,"Freestanding","Autostable","-","-","Double oven","Four double","Self-cleaning","Autonettoyant","Normal bake with forced convection","Cuisson normale avec convection forcée",34.8,141.8,"48","48"
10990224,"PRD364NLHC","Thermador",399.8,"Freestanding","Autostable","-","-","Single oven","Four simple","Self-cleaning","Autonettoyant","Normal bake with forced convection","Cuisson normale avec convection forcée",0,0,"36","36"
10990225,"PRD486NLHC","Thermador",317.9,"Freestanding","Autostable","-","-","Double oven","Four double","Self-cleaning","Autonettoyant","Normal bake with forced convection","Cuisson normale avec convection forcée",35.7,74.1,"48","48"
10990226,"PRD486NCHC","Thermador",317.9,"Freestanding","Autostable","-","-","Double oven","Four double","Self-cleaning","Autonettoyant","Normal bake with forced convection","Cuisson normale avec convection forcée",35.7,74.1,"48","48"
10990228,"CFES3025XXX","Frigidaire",520,"Built-in","Encastré","Conventional top","Surface classique","Single oven","Four simple","Self-cleaning","Autonettoyant","Normal bake","Cuisson normale",0,116,"30","30"
10990229,"CGES3065XXX","Frigidaire",607,"Built-in","Encastré","Smooth top","Surface vitrifiée","Single oven","Four simple","Self-cleaning","Autonettoyant","Normal bake with forced convection","Cuisson normale avec convection forcée",0,104,"30","30"
10990230,"CPES3085XXX","Frigidaire",612,"Built-in","Encastré","Smooth top","Surface vitrifiée","Single oven","Four simple","Self-cleaning","Autonettoyant","Normal bake with forced convection","Cuisson normale avec convection forcée",0,104,"30","30"
10990231,"CPDS3085XXX","Frigidaire",574,"Built-in","Encastré","Smooth top","Surface vitrifiée","Single oven","Four simple","Self-cleaning","Autonettoyant","Normal bake with forced convection","Cuisson normale avec convection forcée",0,104,"30","30"
10990232,"CGDS3065XXX","Frigidaire",597,"Built-in","Encastré","Smooth top","Surface vitrifiée","Single oven","Four simple","Self-cleaning","Autonettoyant","Normal bake with forced convection","Cuisson normale avec convection forcée",0,104,"30","30"
10990233,"970C4253XXX","Kenmore",299,"Built-in","Encastré","Smooth top","Surface vitrifiée","Single oven","Four simple","Self-cleaning","Autonettoyant","Normal bake with forced convection","Cuisson normale avec convection forcée",0,104,"30","30"
10990234,"970C4254XXX","Kenmore",314,"Built-in","Encastré","Smooth top","Surface vitrifiée","Single oven","Four simple","Self-cleaning","Autonettoyant","Normal bake with forced convection","Cuisson normale avec convection forcée",0,104,"30","30"
10990235,"970C4256XXX","Kenmore",299,"Built-in","Encastré","Smooth top","Surface vitrifiée","Single oven","Four simple","Self-cleaning","Autonettoyant","Normal bake with forced convection","Cuisson normale avec convection forcée",0,104,"30","30"
10990236,"970C4261XXX","Kenmore",299,"Built-in","Encastré","Smooth top","Surface vitrifiée","Single oven","Four simple","Self-cleaning","Autonettoyant","Normal bake with forced convection","Cuisson normale avec convection forcée",0,104,"30","30"
10990237,"970C4260XXX","Kenmore",597,"Built-in","Encastré","Smooth top","Surface vitrifiée","Single oven","Four simple","Self-cleaning","Autonettoyant","Normal bake with forced convection","Cuisson normale avec convection forcée",0,104,"30","30"
10990238,"970C4262XXX","Kenmore",597,"Built-in","Encastré","Smooth top","Surface vitrifiée","Single oven","Four simple","Self-cleaning","Autonettoyant","Normal bake with forced convection","Cuisson normale avec convection forcée",0,104,"30","30"
10990585,"JCAS730XXXXX","GE",430,"Freestanding","Autostable","Smooth top","Surface vitrifiée","Single oven","Four simple","Non self-cleaning","Non autonettoyant","Normal bake","Cuisson normale",0,60.5,"24","24"
10990586,"MCAS724XXXXX","Moffat",430,"Freestanding","Autostable","Conventional top","Surface classique","Single oven","Four simple","Non self-cleaning","Non autonettoyant","Normal bake","Cuisson normale",0,60.5,"24","24"
10990587,"CCS975XXXXXX","GE",508,"Freestanding","Autostable","Smooth top","Surface vitrifiée","Single oven","Four simple","Self-cleaning","Autonettoyant","Normal bake with forced convection","Cuisson normale avec convection forcée",0,99.9,"30","30"
10990588,"JCAS445XXXXX","GE",441,"Built-in","Encastré","Smooth top","Surface vitrifiée","Single oven","Four simple","Non self-cleaning","Non autonettoyant","Normal bake","Cuisson normale",0,60.5,"24","24"
10990589,"JCAS724XXXXX","GE",430,"Freestanding","Autostable","Conventional top","Surface classique","Single oven","Four simple","Non self-cleaning","Non autonettoyant","Normal bake","Cuisson normale",0,60.5,"24","24"
10990590,"DER241XXX","Danby",430,"Freestanding","Autostable","Conventional top","Surface classique","Single oven","Four simple","Non self-cleaning","Non autonettoyant","Normal bake","Cuisson normale",0,60.5,"24","24"
11207859,"HR1421","Miele",670,"Built-in","Encastré","Tungsten halogen","Tungstène-halogène","Single oven","Four simple","Self-cleaning","Autonettoyant","Normal bake with forced convection","Cuisson normale avec convection forcée",0,106,"30","30"
11236003,"YMET8820","Maytag",540,"Freestanding","Autostable","Smooth top","Surface vitrifiée","Double oven","Four double","Self-cleaning","Autonettoyant","Normal bake with forced convection","Cuisson normale avec convection forcée",107,56,"30","30"
11236004,"YMET8720","Maytag",540,"Freestanding","Autostable","Smooth top","Surface vitrifiée","Double oven","Four double","Self-cleaning","Autonettoyant","Normal bake with forced convection","Cuisson normale avec convection forcée",107,56,"30","30"
11236005,"YWGE755","Whirlpool",481,"Freestanding","Autostable","Smooth top","Surface vitrifiée","Double oven","Four double","Self-cleaning","Autonettoyant","Normal bake with forced convection","Cuisson normale avec convection forcée",107,56,"30","30"
11236011,"YMER8600","Maytag",585,"Freestanding","Autostable","Smooth top","Surface vitrifiée","Single oven","Four simple","Non self-cleaning","Non autonettoyant","Normal bake","Cuisson normale",0,146,"30","30"
11236012,"YMER8700","Maytag",582,"Freestanding","Autostable","Smooth top","Surface vitrifiée","Single oven","Four simple","Non self-cleaning","Non autonettoyant","Normal bake with forced convection","Cuisson normale avec convection forcée",0,140,"30","30"
11236013,"YMER8800","Maytag",590,"Freestanding","Autostable","Smooth top","Surface vitrifiée","Single oven","Four simple","Non self-cleaning","Non autonettoyant","Normal bake with forced convection","Cuisson normale avec convection forcée",0,140,"30","30"
11236014,"YMER8850","Maytag",597,"Freestanding","Autostable","Smooth top","Surface vitrifiée","Single oven","Four simple","Non self-cleaning","Non autonettoyant","Normal bake with forced convection","Cuisson normale avec convection forcée",0,140,"30","30"
11236015,"JES1450C","Jenn-Air",542,"Built-in","Encastré","Smooth top","Surface vitrifiée","Double oven","Four double","Non self-cleaning","Non autonettoyant","Normal bake with forced convection","Cuisson normale avec convection forcée",13.6,140,"30","30"
11236016,"YIEL730","Ikea",762,"Built-in","Encastré","Smooth top","Surface vitrifiée","Single oven","Four simple","Non self-cleaning","Non autonettoyant","Normal bake","Cuisson normale",0,152,"30","30"
11236017,"YIES505","Ikea",547,"Freestanding","Autostable","Smooth top","Surface vitrifiée","Single oven","Four simple","Self-cleaning","Autonettoyant","Normal bake with forced convection","Cuisson normale avec convection forcée",0,118,"30","30"
11236019,"YWEE730","Whirlpool",744,"Built-in","Encastré","Smooth top","Surface vitrifiée","Single oven","Four simple","Non self-cleaning","Non autonettoyant","Normal bake with forced convection","Cuisson normale avec convection forcée",0,143,"30","30"
11236020,"YWEE760","Whirlpool",744,"Built-in","Encastré","Smooth top","Surface vitrifiée","Single oven","Four simple","Non self-cleaning","Non autonettoyant","Normal bake with forced convection","Cuisson normale avec convection forcée",0,143,"30","30"
12772883,"LRE6387S#","LG",683,"Freestanding","Autostable","Smooth top","Surface vitrifiée","Single oven","Four simple","Self-cleaning","Autonettoyant","Normal bake with forced convection","Cuisson normale avec convection forcée",0,135.8,"30","30"
12772884,"LRE6385S#","LG",683,"Freestanding","Autostable","Smooth top","Surface vitrifiée","Single oven","Four simple","Self-cleaning","Autonettoyant","Normal bake with forced convection","Cuisson normale avec convection forcée",0,135.8,"30","30"
12772885,"FE1436A#","LG",650,"Freestanding","Autostable","Smooth top","Surface vitrifiée","Single oven","Four simple","Self-cleaning","Autonettoyant","Normal bake with forced convection","Cuisson normale avec convection forcée",0,135.8,"30","30"
12772886,"LRE6383S#","LG",683,"Freestanding","Autostable","Smooth top","Surface vitrifiée","Single oven","Four simple","Self-cleaning","Autonettoyant","Normal bake with forced convection","Cuisson normale avec convection forcée",0,177.98,"30","30"
13232091,"A1PXU","Smeg",360,"Built-in","Encastré","Conventional top","Surface classique","Single oven","Four simple","Self-cleaning","Autonettoyant","Normal bake with forced convection","Cuisson normale avec convection forcée",0,77.5,"36","36"
13547424,"LDE3037S#","LG",600,"Freestanding","Autostable","Smooth top","Surface vitrifiée","Double oven","Four double","Self-cleaning","Autonettoyant","Normal bake with forced convection","Cuisson normale avec convection forcée",123.86,66.11,"30","30"
13547425,"LDE3031S#","LG",600,"Freestanding","Autostable","Smooth top","Surface vitrifiée","Double oven","Four double","Self-cleaning","Autonettoyant","Normal bake with forced convection","Cuisson normale avec convection forcée",123.86,66.11,"30","30"
14178027,"F6PIR304S1","Fulgor Milano",326,"Freestanding","Autostable","induction","induction","Single oven","Four simple","Self-cleaning","Autonettoyant","Normal bake with forced convection","Cuisson normale avec convection forcée",0,102.6,"30","30"
14644039,"NE58H9970**","Samsung",425,"Built-in","Encastré","Smooth top","Surface vitrifiée","Single oven","Four simple","Self-cleaning","Autonettoyant","Normal bake with forced convection","Cuisson normale avec convection forcée",0,144,"30","30"
14644040,"NE59J3420**","Samsung",575,"Freestanding","Autostable","Smooth top","Surface vitrifiée","Single oven","Four simple","Self-cleaning","Autonettoyant","Normal bake with forced convection","Cuisson normale avec convection forcée",0,143,"30","30"
14644041,"NE59J3421**","Samsung",575,"Freestanding","Autostable","Smooth top","Surface vitrifiée","Single oven","Four simple","Self-cleaning","Autonettoyant","Normal bake with forced convection","Cuisson normale avec convection forcée",0,143,"30","30"
14644042,"NE59J7630**","Samsung",575,"Freestanding","Autostable","Smooth top","Surface vitrifiée","Single oven","Four simple","Self-cleaning","Autonettoyant","Normal bake with forced convection","Cuisson normale avec convection forcée",0,143,"30","30"
14644043,"NE59J7650**","Samsung",565,"Freestanding","Autostable","Smooth top","Surface vitrifiée","Single oven","Four simple","Self-cleaning","Autonettoyant","Normal bake with forced convection","Cuisson normale avec convection forcée",0,143,"30","30"
14644044,"NE59J7651**","Samsung",565,"Freestanding","Autostable","Smooth top","Surface vitrifiée","Single oven","Four simple","Self-cleaning","Autonettoyant","Normal bake with forced convection","Cuisson normale avec convection forcée",0,143,"30","30"
14644045,"NE59J7750**","Samsung",595,"Freestanding","Autostable","Smooth top","Surface vitrifiée","Single oven","Four simple","Self-cleaning","Autonettoyant","Normal bake with forced convection","Cuisson normale avec convection forcée",0,143,"30","30"
14644046,"NE59J7850**","Samsung",595,"Freestanding","Autostable","Smooth top","Surface vitrifiée","Single oven","Four simple","Self-cleaning","Autonettoyant","Normal bake with forced convection","Cuisson normale avec convection forcée",0,143,"30","30"
14644047,"NY58J9850**","Samsung",385,"Built-in","Encastré","Conventional top","Surface classique","Single oven","Four simple","Self-cleaning","Autonettoyant","Normal bake with forced convection","Cuisson normale avec convection forcée",0,144,"30","30"
14644809,"JES1750","Jenn-Air",639,"Built-in","Encastré","Smooth top","Surface vitrifiée","Single oven","Four simple","Non self-cleaning","Non autonettoyant","Normal bake with forced convection","Cuisson normale avec convection forcée",0,152,"30","30"
14644810,"KSEG950","KitchenAid",639,"Built-in","Encastré","Smooth top","Surface vitrifiée","Single oven","Four simple","Non self-cleaning","Non autonettoyant","Normal bake with forced convection","Cuisson normale avec convection forcée",0,152,"30","30"
14644811,"YAER5630","Amana",492,"Freestanding","Autostable","Smooth top","Surface vitrifiée","Single oven","Four simple","Self-cleaning","Autonettoyant","Normal bake with forced convection","Cuisson normale avec convection forcée",0,89,"30","30"
14644812,"YIES426","Ikea",518,"Built-in","Encastré","Smooth top","Surface vitrifiée","Single oven","Four simple","Self-cleaning","Autonettoyant","Normal bake","Cuisson normale",0,89,"30","30"
14644813,"YKFEG500","KitchenAid",611,"Freestanding","Autostable","Smooth top","Surface vitrifiée","Single oven","Four simple","Non self-cleaning","Non autonettoyant","Normal bake with forced convection","Cuisson normale avec convection forcée",0,140,"30","30"
14644814,"YKFEG510","KitchenAid",603,"Freestanding","Autostable","Smooth top","Surface vitrifiée","Single oven","Four simple","Non self-cleaning","Non autonettoyant","Normal bake with forced convection","Cuisson normale avec convection forcée",0,140,"30","30"
14644815,"YKFES530","KitchenAid",612,"Freestanding","Autostable","Smooth top","Surface vitrifiée","Single oven","Four simple","Non self-cleaning","Non autonettoyant","Normal bake with forced convection","Cuisson normale avec convection forcée",0,140,"30","30"
14644816,"YKSEB900","KitchenAid",525,"Built-in","Encastré","Smooth top","Surface vitrifiée","Double oven","Four double","Non self-cleaning","Non autonettoyant","Normal bake with forced convection","Cuisson normale avec convection forcée",13.6,146,"30","30"
14644817,"YKSEG700","KitchenAid",632,"Built-in","Encastré","Smooth top","Surface vitrifiée","Single oven","Four simple","Non self-cleaning","Non autonettoyant","Normal bake with forced convection","Cuisson normale avec convection forcée",0,140,"30","30"
14644818,"YMES8880","Maytag",744,"Built-in","Encastré","Smooth top","Surface vitrifiée","Single oven","Four simple","Non self-cleaning","Non autonettoyant","Normal bake with forced convection","Cuisson normale avec convection forcée",0,143,"30","30"
14644819,"YWFE515","Whirlpool",540,"Freestanding","Autostable","Smooth top","Surface vitrifiée","Single oven","Four simple","Non self-cleaning","Non autonettoyant","Normal bake","Cuisson normale",0,118,"30","30"
14644820,"YWFE715","Whirlpool",593,"Freestanding","Autostable","Smooth top","Surface vitrifiée","Single oven","Four simple","Non self-cleaning","Non autonettoyant","Normal bake with forced convection","Cuisson normale avec convection forcée",0,140,"30","30"
14648555,"YKFED500*","KitchenAid",552,"Freestanding","Autostable","Smooth top","Surface vitrifiée","Double oven","Four double","Self-cleaning","Autonettoyant","Normal bake with forced convection","Cuisson normale avec convection forcée",107,57,"30","30"
14648556,"YIES900*","Ikea",481,"Freestanding","Autostable","Smooth top","Surface vitrifiée","Double oven","Four double","Self-cleaning","Autonettoyant","Normal bake","Cuisson normale",107,57,"30","30"
14863284,"JCB865*****","GE",470,"Freestanding","Autostable","Smooth top","Surface vitrifiée","Double oven","Four double","Self-cleaning","Autonettoyant","N (upper) and NC (Lower)","N (supérieure) et NC (inférieure)",85.2,36.6,"30","30"
14863285,"PCB980*****","GE",500,"Freestanding","Autostable","Smooth top","Surface vitrifiée","Double oven","Four double","Self-cleaning","Autonettoyant","N (upper) and NC (Lower)","N (supérieure) et NC (inférieure)",103.5,55.7,"30","30"
14863286,"PCHB920*****","GE",346,"Freestanding","Autostable","induction","induction","Single oven","Four simple","Self-cleaning","Autonettoyant","Normal bake with forced convection","Cuisson normale avec convection forcée",0,120.2,"30","30"
14982336,"LRE6383BD","LG",683,"Freestanding","Autostable","Smooth top","Surface vitrifiée","Single oven","Four simple","Self-cleaning","Autonettoyant","Normal bake with forced convection","Cuisson normale avec convection forcée",0,177.98,"30","30"
14982337,"LDE3037BD","LG",600,"Freestanding","Autostable","Smooth top","Surface vitrifiée","Double oven","Four double","Self-cleaning","Autonettoyant","Normal bake with forced convection","Cuisson normale avec convection forcée",123.86,66.11,"30","30"
14982338,"LDE5415ST","LG",560,"Freestanding","Autostable","Smooth top","Surface vitrifiée","Single oven","Four simple","Self-cleaning","Autonettoyant","Normal bake with forced convection","Cuisson normale avec convection forcée",0,135.8,"30","30"
14982339,"LSE5615ST","LG",625,"Freestanding","Autostable","Smooth top","Surface vitrifiée","Single oven","Four simple","Self-cleaning","Autonettoyant","Normal bake with forced convection","Cuisson normale avec convection forcée",0,135.8,"30","30"
14982340,"LSE5613ST","LG",625,"Freestanding","Autostable","Smooth top","Surface vitrifiée","Single oven","Four simple","Self-cleaning","Autonettoyant","Normal bake with forced convection","Cuisson normale avec convection forcée",0,135.8,"30","30"
14984494,"PRD305PH","Thermador",344.4,"Freestanding","Autostable","-","-","Single oven","Four simple","Self-cleaning","Autonettoyant","Normal bake with forced convection","Cuisson normale avec convection forcée",0,74.1,"30","30"
15012791,"JCBP720XXXXX","GE Allura",494,"Freestanding","Autostable","Smooth top","Surface vitrifiée","Single oven","Four simple","Self-cleaning","Autonettoyant","Normal bake","Cuisson normale",0,99.9,"30","30"
15012792,"JCBP820XXXXX","GE Allura",534,"Freestanding","Autostable","Smooth top","Surface vitrifiée","Single oven","Four simple","Self-cleaning","Autonettoyant","Normal bake with forced convection","Cuisson normale avec convection forcée",0,107.5,"30","30"
15012793,"SER241XXX","Danby",430,"Freestanding","Autostable","Conventional top","Surface classique","Single oven","Four simple","Non self-cleaning","Non autonettoyant","Normal bake","Cuisson normale",0,60.5,"24","24"
15012794,"PCB915XXXXX","GE",626,"Freestanding","Autostable","Smooth top","Surface vitrifiée","Single oven","Four simple","Self-cleaning","Autonettoyant","Normal bake with forced convection","Cuisson normale avec convection forcée",0,154,"30","30"
15012795,"PCB985XXXXX","GE",614,"Freestanding","Autostable","Smooth top","Surface vitrifiée","Single oven","Four simple","Self-cleaning","Autonettoyant","Normal bake with forced convection","Cuisson normale avec convection forcée",0,154,"30","30"
15019523,"CFEF3024XX","Frigidaire",540,"Freestanding","Autostable","Smooth top","Surface vitrifiée","Single oven","Four simple","Self-cleaning","Autonettoyant","Normal bake","Cuisson normale",0,132,"30","30"
15019524,"CGEF3035XX","Frigidaire",519,"Freestanding","Autostable","Smooth top","Surface vitrifiée","Single oven","Four simple","Self-cleaning","Autonettoyant","Normal bake with forced convection","Cuisson normale avec convection forcée",0,141,"30","30"
15019525,"CGEF3039XX","Frigidaire",606,"Freestanding","Autostable","Smooth top","Surface vitrifiée","Single oven","Four simple","Self-cleaning","Autonettoyant","Normal bake with forced convection","Cuisson normale avec convection forcée",0,141,"30","30"
15019526,"CPEF3077XX","Frigidaire",573,"Freestanding","Autostable","Smooth top","Surface vitrifiée","Single oven","Four simple","Self-cleaning","Autonettoyant","Normal bake","Cuisson normale",0,152,"30","30"
15019527,"970C4255","Kenmore",587,"Built-in","Encastré","Smooth top","Surface vitrifiée","Single oven","Four simple","Self-cleaning","Autonettoyant","Normal bake with forced convection","Cuisson normale avec convection forcée",0,104,"30","30"
15019528,"CPEH3077","Frigidaire",552,"Built-in","Encastré","Smooth top","Surface vitrifiée","Single oven","Four simple","Self-cleaning","Autonettoyant","Normal bake with forced convection","Cuisson normale avec convection forcée",0,104,"30","30"
15019529,"970C4236","Kenmore",552,"Built-in","Encastré","Smooth top","Surface vitrifiée","Single oven","Four simple","Self-cleaning","Autonettoyant","Normal bake with forced convection","Cuisson normale avec convection forcée",0,104,"30","30"
15019530,"EI30EF4C","Electrolux",552,"Built-in","Encastré","Smooth top","Surface vitrifiée","Single oven","Four simple","Self-cleaning","Autonettoyant","Normal bake with forced convection","Cuisson normale avec convection forcée",0,104,"30","30"
15019531,"CGIS3065","Frigidaire",299,"Built-in","Encastré","Smooth top","Surface vitrifiée","Single oven","Four simple","Self-cleaning","Autonettoyant","Normal bake with forced convection","Cuisson normale avec convection forcée",0,104,"30","30"
15019532,"EW30ES8C","Electrolux",570,"Built-in","Encastré","Smooth top","Surface vitrifiée","Single oven","Four simple","Self-cleaning","Autonettoyant","Normal bake with forced convection","Cuisson normale avec convection forcée",0,104,"30","30"
15019533,"EW30IS8C","Electrolux",316,"Built-in","Encastré","Smooth top","Surface vitrifiée","Single oven","Four simple","Self-cleaning","Autonettoyant","Normal bake with forced convection","Cuisson normale avec convection forcée",0,104,"30","30"
15019534,"CGEF306","Frigidaire",534,"Freestanding","Autostable","Smooth top","Surface vitrifiée","Double oven","Four double","Self-cleaning","Autonettoyant","Normal bake with forced convection","Cuisson normale avec convection forcée",81,81,"30","30"
15019535,"970C6047","Kenmore",545,"Freestanding","Autostable","Smooth top","Surface vitrifiée","Double oven","Four double","Self-cleaning","Autonettoyant","Normal bake with forced convection","Cuisson normale avec convection forcée",90,81,"30","30"
15019536,"970C6048","Kenmore",555,"Freestanding","Autostable","Smooth top","Surface vitrifiée","Double oven","Four double","Self-cleaning","Autonettoyant","Normal bake with forced convection","Cuisson normale avec convection forcée",81,81,"30","30"
15019537,"970C6049","Kenmore",567,"Freestanding","Autostable","Smooth top","Surface vitrifiée","Double oven","Four double","Self-cleaning","Autonettoyant","Normal bake with forced convection","Cuisson normale avec convection forcée",81,81,"30","30"
16069879,"JIS1450","Jenn-Air",256,"Built-in","Encastré","induction","induction","Double oven","Four double","Non self-cleaning","Non autonettoyant","Normal bake with forced convection","Cuisson normale avec convection forcée",14,152,"30","30"
16069880,"YWFE745","Whirlpool",764,"Freestanding","Autostable","Smooth top","Surface vitrifiée","Single oven","Four simple","Non self-cleaning","Non autonettoyant","Normal bake with forced convection","Cuisson normale avec convection forcée",0,153,"30","30"
16069881,"YWEE745","Whirlpool",755,"Built-in","Encastré","Smooth top","Surface vitrifiée","Single oven","Four simple","Non self-cleaning","Non autonettoyant","Normal bake with forced convection","Cuisson normale avec convection forcée",0,149,"30","30"
16069882,"KSIB900","KitchenAid",256,"Built-in","Encastré","induction","induction","Double oven","Four double","Non self-cleaning","Non autonettoyant","Normal bake with forced convection","Cuisson normale avec convection forcée",14,152,"30","30"
16513756,"LRE6321##","LG",683,"Freestanding","Autostable","Smooth top","Surface vitrifiée","Single oven","Four simple","Self-cleaning","Autonettoyant","Normal bake with forced convection","Cuisson normale avec convection forcée",0,177.98,"30","30"
16515550,"YACS4303","Amana",628,"Freestanding","Autostable","Conventional top","Surface classique","Single oven","Four simple","Non self-cleaning","Non autonettoyant","Normal bake","Cuisson normale",0,85,"30","30"
16515551,"YWEC310","Whirlpool",628,"Freestanding","Autostable","Conventional top","Surface classique","Single oven","Four simple","Self-cleaning","Autonettoyant","Normal bake","Cuisson normale",0,85,"30","30"
16515552,"YAES6603","Amana",628,"Freestanding","Autostable","Smooth top","Surface vitrifiée","Single oven","Four simple","Self-cleaning","Autonettoyant","Normal bake","Cuisson normale",0,85,"30","30"
16515553,"YWEE510","Whirlpool",628,"Freestanding","Autostable","Smooth top","Surface vitrifiée","Single oven","Four simple","Self-cleaning","Autonettoyant","Normal bake","Cuisson normale",0,85,"30","30"
16604521,"LDE5415##","LG",560,"Freestanding","Autostable","Smooth top","Surface vitrifiée","Double oven","Four double","Self-cleaning","Autonettoyant","Normal bake with forced convection","Cuisson normale avec convection forcée",97.35,70.76,"30","30"
16604522,"LDE5411##","LG",560,"Freestanding","Autostable","Smooth top","Surface vitrifiée","Double oven","Four double","Self-cleaning","Autonettoyant","Normal bake with forced convection","Cuisson normale avec convection forcée",97.35,70.76,"30","30"
16604523,"LSSE3026##","LG",625,"Freestanding","Autostable","Smooth top","Surface vitrifiée","Single oven","Four simple","Self-cleaning","Autonettoyant","Normal bake with forced convection","Cuisson normale avec convection forcée",0,154.2,"30","30"
16604524,"LSE5615##","LG",625,"Freestanding","Autostable","Smooth top","Surface vitrifiée","Single oven","Four simple","Self-cleaning","Autonettoyant","Normal bake with forced convection","Cuisson normale avec convection forcée",0,154.2,"30","30"
16604525,"LSE5613##","LG",625,"Freestanding","Autostable","Smooth top","Surface vitrifiée","Single oven","Four simple","Self-cleaning","Autonettoyant","Normal bake with forced convection","Cuisson normale avec convection forcée",0,154.2,"30","30"
16604526,"LRE4213##","LG",650,"Freestanding","Autostable","Smooth top","Surface vitrifiée","Single oven","Four simple","Self-cleaning","Autonettoyant","Normal bake with forced convection","Cuisson normale avec convection forcée",0,154.2,"30","30"
16604557,"YMER8650","Maytag",768,"Freestanding","Autostable","Smooth top","Surface vitrifiée","Single oven","Four simple","Non self-cleaning","Non autonettoyant","Normal bake with forced convection","Cuisson normale avec convection forcée",0,155,"30","30"
16604558,"YMES8800","Maytag",768,"Built-in","Encastré","Smooth top","Surface vitrifiée","Single oven","Four simple","Non self-cleaning","Non autonettoyant","Normal bake with forced convection","Cuisson normale avec convection forcée",0,155,"30","30"
16681767,"LRE3061##","LG",637,"Freestanding","Autostable","Smooth top","Surface vitrifiée","Single oven","Four simple","Non self-cleaning","Non autonettoyant","Normal bake with forced convection","Cuisson normale avec convection forcée",0,177.98,"30","30"
16681768,"LDE4413##","LG",560,"Freestanding","Autostable","Smooth top","Surface vitrifiée","Double oven","Four double","Self-cleaning","Autonettoyant","Normal bake with forced convection","Cuisson normale avec convection forcée",97.35,70.76,"30","30"
16682052,"PRD606NRCG","Thermador",467.9,"Freestanding","Autostable","-","-","Double oven","Four double","Self-cleaning","Autonettoyant","Normal bake with forced convection","Cuisson normale avec convection forcée",136.2,158.6,"-","-"
16682053,"PRD606NRESG","Thermador",509.5,"Freestanding","Autostable","-","-","Single oven","Four simple","Self-cleaning","Autonettoyant","Normal bake with forced convection","Cuisson normale avec convection forcée",0,158.6,"-","-"
17672296,"C9511*61*","Kenmore",498,"Freestanding","Autostable","Smooth top","Surface vitrifiée","Single oven","Four simple","Self-cleaning","Autonettoyant","Normal bake","Cuisson normale",0,85,"30","30"
17672297,"C9512*61*","Kenmore",641,"Built-in","Encastré","Smooth top","Surface vitrifiée","Single oven","Four simple","Non self-cleaning","Non autonettoyant","Normal bake with forced convection","Cuisson normale avec convection forcée",0,152,"30","30"
17672298,"YWEE995","Whirlpool",618,"Built-in","Encastré","Smooth top","Surface vitrifiée","Single oven","Four simple","Non self-cleaning","Non autonettoyant","Normal bake with forced convection","Cuisson normale avec convection forcée",0,152,"30","30"
17695546,"A3XU7","Smeg",245,"Built-in","Encastré","Conventional top","Surface classique","Double oven","Four double","Non self-cleaning","Non autonettoyant","Normal bake with forced convection","Cuisson normale avec convection forcée",41.8,85,"47","47"
17695564,"LRE4211##","LG",575,"Freestanding","Autostable","Smooth top","Surface vitrifiée","Single oven","Four simple","Non self-cleaning","Non autonettoyant","Normal bake with forced convection","Cuisson normale avec convection forcée",0,154.2,"30","30"
17695565,"LSE4611##","LG",575,"Freestanding","Autostable","Smooth top","Surface vitrifiée","Single oven","Four simple","Non self-cleaning","Non autonettoyant","Normal bake with forced convection","Cuisson normale avec convection forcée",0,154.2,"30","30"
17696293,"PRD606RCG","Thermador",467.9,"Freestanding","Autostable","-","-","Double oven","Four double","Self-cleaning","Autonettoyant","Normal bake with forced convection","Cuisson normale avec convection forcée",136.2,158.6,"60","60"
17696294,"PRD606REG","Thermador",467.9,"Freestanding","Autostable","-","-","Double oven","Four double","Self-cleaning","Autonettoyant","Normal bake with forced convection","Cuisson normale avec convection forcée",136.2,158.6,"60","60"
17696295,"PRD606RESG","Thermador",509.5,"Freestanding","Autostable","-","-","Single oven","Four simple","Self-cleaning","Autonettoyant","Normal bake with forced convection","Cuisson normale avec convection forcée",0,158.6,"60","60"
17696296,"PRD606RCSG","Thermador",509.5,"Freestanding","Autostable","-","-","Single oven","Four simple","Self-cleaning","Autonettoyant","Normal bake with forced convection","Cuisson normale avec convection forcée",0,158.6,"60","60"
17698787,"NE59K3321**","Samsung",600,"Freestanding","Autostable","Smooth top","Surface vitrifiée","Single oven","Four simple","Non self-cleaning","Non autonettoyant","Normal bake with forced convection","Cuisson normale avec convection forcée",0,148,"30","30"
17698788,"NE58K9560**","Samsung",355,"Built-in","Encastré","Smooth top","Surface vitrifiée","Single oven","Four simple","Self-cleaning","Autonettoyant","Normal bake with forced convection","Cuisson normale avec convection forcée",0,146,"30","30"
17698789,"NE58K9430**","Samsung",615,"Built-in","Encastré","Smooth top","Surface vitrifiée","Single oven","Four simple","Self-cleaning","Autonettoyant","Normal bake with forced convection","Cuisson normale avec convection forcée",0,146,"30","30"
17698790,"NE58K9850**","Samsung",650,"Built-in","Encastré","Smooth top","Surface vitrifiée","Single oven","Four simple","Self-cleaning","Autonettoyant","Normal bake with forced convection","Cuisson normale avec convection forcée",0,146,"30","30"
17698791,"NE59K3310**","Samsung",625,"Freestanding","Autostable","Smooth top","Surface vitrifiée","Single oven","Four simple","Non self-cleaning","Non autonettoyant","Normal bake with forced convection","Cuisson normale avec convection forcée",0,148,"30","30"
17699198,"RDV2-48*","Fisher & Paykel",544,"Freestanding","Autostable","-","-","Double oven","Four double","Self-cleaning","Autonettoyant","Normal bake with forced convection","Cuisson normale avec convection forcée",45.6,114.1,"48","48"
17699199,"RDV2-36*","Fisher & Paykel",539,"Freestanding","Autostable","-","-","Single oven","Four simple","Self-cleaning","Autonettoyant","Normal bake with forced convection","Cuisson normale avec convection forcée",0,114.1,"36","36"
17699200,"RDV2-30*","Fisher & Paykel",511,"Freestanding","Autostable","-","-","Single oven","Four simple","Self-cleaning","Autonettoyant","Normal bake with forced convection","Cuisson normale avec convection forcée",0,95.7,"30","30"
17699201,"4279*61*","Kenmore",625,"Built-in","Encastré","Smooth top","Surface vitrifiée","Single oven","Four simple","Non self-cleaning","Non autonettoyant","Normal bake with forced convection","Cuisson normale avec convection forcée",0,152,"30","30"
17699202,"4278*61*","Kenmore",375,"Built-in","Encastré","-","-","Single oven","Four simple","Non self-cleaning","Non autonettoyant","Normal bake with forced convection","Cuisson normale avec convection forcée",0,152,"30","30"
17699203,"C9522*61*","Kenmore",641,"Built-in","Encastré","Smooth top","Surface vitrifiée","Single oven","Four simple","Non self-cleaning","Non autonettoyant","Normal bake with forced convection","Cuisson normale avec convection forcée",0,152,"30","30"
17699221,"YMER6600","Maytag",549,"Freestanding","Autostable","Smooth top","Surface vitrifiée","Single oven","Four simple","Self-cleaning","Autonettoyant","Normal bake","Cuisson normale",0,129,"30","30"
17965401,"YIES350X","Ikea",515,"Freestanding","Autostable","Smooth top","Surface vitrifiée","Single oven","Four simple","Non self-cleaning","Non autonettoyant","Normal bake","Cuisson normale",0,89,"30","30"
17965402,"YKER507X","KitchenAid",540,"Freestanding","Autostable","Smooth top","Surface vitrifiée","Double oven","Four double","Self-cleaning","Autonettoyant","Normal bake with forced convection","Cuisson normale avec convection forcée",107,56,"30","30"
17965403,"YWFI910H0A","Whirlpool",347,"Freestanding","Autostable","induction","induction","Single oven","Four simple","Non self-cleaning","Non autonettoyant","Normal bake with forced convection","Cuisson normale avec convection forcée",0,140,"30","30"
17965404,"YWFE710H0*","Whirlpool",598,"Freestanding","Autostable","Smooth top","Surface vitrifiée","Single oven","Four simple","Non self-cleaning","Non autonettoyant","Normal bake with forced convection","Cuisson normale avec convection forcée",0,140,"30","30"
17965405,"YWFE540H0*","Whirlpool",590,"Freestanding","Autostable","Smooth top","Surface vitrifiée","Single oven","Four simple","Non self-cleaning","Non autonettoyant","Normal bake with forced convection","Cuisson normale avec convection forcée",0,140,"30","30"
17965406,"YWFE330W0E","Whirlpool",560,"Freestanding","Autostable","Smooth top","Surface vitrifiée","Single oven","Four simple","Non self-cleaning","Non autonettoyant","Normal bake","Cuisson normale",0,128,"30","30"
17965407,"YWFE510S0*","Whirlpool",514,"Freestanding","Autostable","Smooth top","Surface vitrifiée","Single oven","Four simple","Self-cleaning","Autonettoyant","Normal bake","Cuisson normale",0,89,"30","30"
17965408,"YWFE530C0*","Whirlpool",553,"Freestanding","Autostable","Smooth top","Surface vitrifiée","Single oven","Four simple","Self-cleaning","Autonettoyant","Normal bake with forced convection","Cuisson normale avec convection forcée",0,128,"30","30"
17965409,"YACR3230BC","Amana",502,"Freestanding","Autostable","Conventional top","Surface classique","Single oven","Four simple","Non self-cleaning","Non autonettoyant","Normal bake","Cuisson normale",0,89,"30","30"
17965410,"YWFC150M0*","Whirlpool",518,"Freestanding","Autostable","Conventional top","Surface classique","Single oven","Four simple","Non self-cleaning","Non autonettoyant","Normal bake","Cuisson normale",0,89,"30","30"
17965411,"YWFC310S0*","Whirlpool",487,"Freestanding","Autostable","Conventional top","Surface classique","Single oven","Four simple","Self-cleaning","Autonettoyant","Normal bake","Cuisson normale",0,89,"30","30"
17965412,"YKERS202B","KitchenAid",592,"Freestanding","Autostable","Smooth top","Surface vitrifiée","Single oven","Four simple","Non self-cleaning","Non autonettoyant","Normal bake with forced convection","Cuisson normale avec convection forcée",0,140,"30","30"
17965413,"YKERS303B","KitchenAid",614,"Freestanding","Autostable","Smooth top","Surface vitrifiée","Single oven","Four simple","Non self-cleaning","Non autonettoyant","Normal bake with forced convection","Cuisson normale avec convection forcée",0,140,"30","30"
17965414,"YKERS306B","KitchenAid",589,"Freestanding","Autostable","Smooth top","Surface vitrifiée","Single oven","Four simple","Non self-cleaning","Non autonettoyant","Normal bake with forced convection","Cuisson normale avec convection forcée",0,140,"30","30"
17965415,"JES1750*","Jenn-Air",639,"Built-in","Encastré","Smooth top","Surface vitrifiée","Single oven","Four simple","Non self-cleaning","Non autonettoyant","Normal bake with forced convection","Cuisson normale avec convection forcée",0,152,"30","30"
17965416,"KSEG950E","KitchenAid",639,"Built-in","Encastré","Smooth top","Surface vitrifiée","Single oven","Four simple","Non self-cleaning","Non autonettoyant","Normal bake with forced convection","Cuisson normale avec convection forcée",0,152,"30","30"
17965417,"YAER5630B","Amana",492,"Freestanding","Autostable","Smooth top","Surface vitrifiée","Single oven","Four simple","Self-cleaning","Autonettoyant","Normal bake","Cuisson normale",0,89,"30","30"
17965418,"YIES426A","Ikea",518,"Freestanding","Autostable","Smooth top","Surface vitrifiée","Single oven","Four simple","Self-cleaning","Autonettoyant","Normal bake","Cuisson normale",0,89,"30","30"
17965419,"YKFEG500E","KitchenAid",611,"Freestanding","Autostable","Smooth top","Surface vitrifiée","Single oven","Four simple","Non self-cleaning","Non autonettoyant","Normal bake with forced convection","Cuisson normale avec convection forcée",0,140,"30","30"
17965420,"YKFEG510E","KitchenAid",603,"Freestanding","Autostable","Smooth top","Surface vitrifiée","Single oven","Four simple","Non self-cleaning","Non autonettoyant","Normal bake with forced convection","Cuisson normale avec convection forcée",0,140,"30","30"
17965421,"YKFES530E","KitchenAid",612,"Freestanding","Autostable","Smooth top","Surface vitrifiée","Single oven","Four simple","Non self-cleaning","Non autonettoyant","Normal bake with forced convection","Cuisson normale avec convection forcée",0,140,"30","30"
17965422,"YKSEB900E","KitchenAid",560,"Built-in","Encastré","Smooth top","Surface vitrifiée","Double oven","Four double","Non self-cleaning","Non autonettoyant","Normal bake with forced convection","Cuisson normale avec convection forcée",14,152,"30","30"
17965423,"YKSEG700E","KitchenAid",640,"Built-in","Encastré","Smooth top","Surface vitrifiée","Single oven","Four simple","Non self-cleaning","Non autonettoyant","Normal bake with forced convection","Cuisson normale avec convection forcée",0,152,"30","30"
17965424,"YMES8880D","Maytag",744,"Built-in","Encastré","Smooth top","Surface vitrifiée","Single oven","Four simple","Non self-cleaning","Non autonettoyant","Normal bake with forced convection","Cuisson normale avec convection forcée",0,143,"30","30"
17965425,"YWFE515S0E","Whirlpool",540,"Freestanding","Autostable","Smooth top","Surface vitrifiée","Single oven","Four simple","Self-cleaning","Autonettoyant","Normal bake","Cuisson normale",0,129,"30","30"
17965426,"YWFE715H0E","Whirlpool",593,"Freestanding","Autostable","Smooth top","Surface vitrifiée","Single oven","Four simple","Non self-cleaning","Non autonettoyant","Normal bake with forced convection","Cuisson normale avec convection forcée",0,140,"30","30"
17965427,"YMET8820D","Maytag",540,"Freestanding","Autostable","Smooth top","Surface vitrifiée","Double oven","Four double","Self-cleaning","Autonettoyant","Normal bake with forced convection","Cuisson normale avec convection forcée",107,56,"30","30"
17965428,"YMET8720D","Maytag",540,"Freestanding","Autostable","Smooth top","Surface vitrifiée","Double oven","Four double","Self-cleaning","Autonettoyant","Normal bake with forced convection","Cuisson normale avec convection forcée",107,56,"30","30"
17965429,"YWGE755C0B","Whirlpool",481,"Freestanding","Autostable","Smooth top","Surface vitrifiée","Double oven","Four double","Self-cleaning","Autonettoyant","Normal bake with forced convection","Cuisson normale avec convection forcée",107,56,"30","30"
17965430,"YWGI925C0B","Whirlpool",245,"Freestanding","Autostable","induction","induction","Double oven","Four double","Self-cleaning","Autonettoyant","Normal bake with forced convection","Cuisson normale avec convection forcée",107,56,"30","30"
17965431,"YMER8600D","Maytag",585,"Freestanding","Autostable","Smooth top","Surface vitrifiée","Single oven","Four simple","Non self-cleaning","Non autonettoyant","Normal bake","Cuisson normale",0,146,"30","30"
17965432,"YMER8700D","Maytag",582,"Freestanding","Autostable","Smooth top","Surface vitrifiée","Single oven","Four simple","Non self-cleaning","Non autonettoyant","Normal bake with forced convection","Cuisson normale avec convection forcée",0,140,"30","30"
17965433,"YMER8800*","Maytag",590,"Freestanding","Autostable","Smooth top","Surface vitrifiée","Single oven","Four simple","Non self-cleaning","Non autonettoyant","Normal bake with forced convection","Cuisson normale avec convection forcée",0,140,"30","30"
17965434,"YMER8850D","Maytag",597,"Freestanding","Autostable","Smooth top","Surface vitrifiée","Single oven","Four simple","Non self-cleaning","Non autonettoyant","Normal bake with forced convection","Cuisson normale avec convection forcée",0,140,"30","30"
17965435,"JES1450CD","Jenn-Air",560,"Built-in","Encastré","Smooth top","Surface vitrifiée","Double oven","Four double","Non self-cleaning","Non autonettoyant","Normal bake with forced convection","Cuisson normale avec convection forcée",14,152,"30","30"
17965436,"YIEL730C","Ikea",615,"Built-in","Encastré","Smooth top","Surface vitrifiée","Single oven","Four simple","Non self-cleaning","Non autonettoyant","Normal bake","Cuisson normale",0,152,"30","30"
17965437,"YIES505D","Ikea",547,"Freestanding","Autostable","Smooth top","Surface vitrifiée","Single oven","Four simple","Self-cleaning","Autonettoyant","Normal bake with forced convection","Cuisson normale avec convection forcée",0,118,"30","30"
17965438,"YWEE730H0D","Whirlpool",622,"Built-in","Encastré","Smooth top","Surface vitrifiée","Single oven","Four simple","Non self-cleaning","Non autonettoyant","Normal bake with forced convection","Cuisson normale avec convection forcée",0,143,"30","30"
17965439,"YWEE760H0D","Whirlpool",744,"Built-in","Encastré","Smooth top","Surface vitrifiée","Single oven","Four simple","Non self-cleaning","Non autonettoyant","Normal bake with forced convection","Cuisson normale avec convection forcée",0,143,"30","30"
17965440,"YKFED500E","KitchenAid",552,"Freestanding","Autostable","Smooth top","Surface vitrifiée","Double oven","Four double","Self-cleaning","Autonettoyant","Normal bake with forced convection","Cuisson normale avec convection forcée",107,57,"30","30"
17965441,"YKFID500E","KitchenAid",306,"Freestanding","Autostable","induction","induction","Double oven","Four double","Self-cleaning","Autonettoyant","Normal bake with forced convection","Cuisson normale avec convection forcée",107,57,"30","30"
17965442,"YMER8650F","Maytag",586,"Freestanding","Autostable","Smooth top","Surface vitrifiée","Single oven","Four simple","Non self-cleaning","Non autonettoyant","Normal bake with forced convection","Cuisson normale avec convection forcée",0,155,"30","30"
17965443,"YMES8800F","Maytag",606,"Built-in","Encastré","Smooth top","Surface vitrifiée","Single oven","Four simple","Non self-cleaning","Non autonettoyant","Normal bake with forced convection","Cuisson normale avec convection forcée",0,155,"30","30"
17965445,"YWEE995H0F","Whirlpool",618,"Built-in","Encastré","Smooth top","Surface vitrifiée","Single oven","Four simple","Non self-cleaning","Non autonettoyant","Normal bake with forced convection","Cuisson normale avec convection forcée",0,152,"30","30"
17965446,"JIS1450D","Jenn-Air",256,"Built-in","Encastré","induction","induction","Double oven","Four double","Non self-cleaning","Non autonettoyant","Normal bake with forced convection","Cuisson normale avec convection forcée",14,152,"30","30"
17965447,"YWFE745H0F","Whirlpool",614,"Freestanding","Autostable","Smooth top","Surface vitrifiée","Single oven","Four simple","Non self-cleaning","Non autonettoyant","Normal bake with forced convection","Cuisson normale avec convection forcée",0,153,"30","30"
17965448,"YWEE745H0F","Whirlpool",636,"Built-in","Encastré","Smooth top","Surface vitrifiée","Single oven","Four simple","Non self-cleaning","Non autonettoyant","Normal bake with forced convection","Cuisson normale avec convection forcée",0,149,"30","30"
17965449,"KSIB900E","KitchenAid",256,"Built-in","Encastré","induction","induction","Double oven","Four double","Non self-cleaning","Non autonettoyant","Normal bake with forced convection","Cuisson normale avec convection forcée",14,152,"30","30"
17965450,"YACS4303MF","Amana",510,"Freestanding","Autostable","Conventional top","Surface classique","Single oven","Four simple","Non self-cleaning","Non autonettoyant","Normal bake","Cuisson normale",0,85,"30","30"
17965451,"YWEC310S0F","Whirlpool",498,"Freestanding","Autostable","Conventional top","Surface classique","Single oven","Four simple","Self-cleaning","Autonettoyant","Normal bake","Cuisson normale",0,85,"30","30"
17965452,"YAES6603SF","Amana",515,"Freestanding","Autostable","Smooth top","Surface vitrifiée","Single oven","Four simple","Self-cleaning","Autonettoyant","Normal bake","Cuisson normale",0,85,"30","30"
17965453,"YWEE510S0F","Whirlpool",518,"Freestanding","Autostable","Smooth top","Surface vitrifiée","Single oven","Four simple","Self-cleaning","Autonettoyant","Normal bake","Cuisson normale",0,85,"30","30"
17965454,"YACR4303MF","Amana",510,"Freestanding","Autostable","Conventional top","Surface classique","Single oven","Four simple","Non self-cleaning","Non autonettoyant","Normal bake","Cuisson normale",0,85,"30","30"
17965455,"YACR4503SF","Amana",493,"Freestanding","Autostable","Conventional top","Surface classique","Single oven","Four simple","Self-cleaning","Autonettoyant","Normal bake","Cuisson normale",0,85,"30","30"
17965456,"YAER6303MF","Amana",505,"Freestanding","Autostable","Smooth top","Surface vitrifiée","Single oven","Four simple","Non self-cleaning","Non autonettoyant","Normal bake","Cuisson normale",0,85,"30","30"
17965457,"YAER6603SF","Amana",515,"Freestanding","Autostable","Smooth top","Surface vitrifiée","Single oven","Four simple","Self-cleaning","Autonettoyant","Normal bake","Cuisson normale",0,85,"30","30"
17965458,"YWFE520S0F","Whirlpool",548,"Freestanding","Autostable","Smooth top","Surface vitrifiée","Single oven","Four simple","Self-cleaning","Autonettoyant","Normal bake with forced convection","Cuisson normale avec convection forcée",0,118,"30","30"
17965459,"YWFE770H0F","Whirlpool",614,"Freestanding","Autostable","Smooth top","Surface vitrifiée","Single oven","Four simple","Non self-cleaning","Non autonettoyant","Normal bake with forced convection","Cuisson normale avec convection forcée",0,153,"30","30"
17965460,"YMER6600F","Maytag",549,"Freestanding","Autostable","Smooth top","Surface vitrifiée","Single oven","Four simple","Self-cleaning","Autonettoyant","Normal bake","Cuisson normale",0,129,"30","30"
17965461,"YMET8800F","Maytag",554,"Freestanding","Autostable","Smooth top","Surface vitrifiée","Double oven","Four double","Self-cleaning","Autonettoyant","Normal bake with forced convection","Cuisson normale avec convection forcée",99,57,"30","30"
17967520,"CFEF3030XX","Frigidaire",525,"Freestanding","Autostable","Smooth top","Surface vitrifiée","Single oven","Four simple","Self-cleaning","Autonettoyant","Normal bake","Cuisson normale",0,127,"30","30"
17967521,"CGEF3058XX","Frigidaire",601,"Freestanding","Autostable","Smooth top","Surface vitrifiée","Single oven","Four simple","Self-cleaning","Autonettoyant","Normal bake","Cuisson normale",0,141,"30","30"
17967522,"CGEF3059XX","Frigidaire",601,"Freestanding","Autostable","Conventional top","Surface classique","Single oven","Four simple","Non self-cleaning","Non autonettoyant","Normal bake","Cuisson normale",0,141,"30","30"
17967523,"970C4355","Kenmore",587,"Built-in","Encastré","Smooth top","Surface vitrifiée","Single oven","Four simple","Self-cleaning","Autonettoyant","Normal bake with forced convection","Cuisson normale avec convection forcée",0,104,"30","30"
18441404,"LSE4617ST","LG",350,"Freestanding","Autostable","induction","induction","Single oven","Four simple","Self-cleaning","Autonettoyant","Normal bake with forced convection","Cuisson normale avec convection forcée",0,154.2,"30","30"
19248099,"GL-76S-A","Guanglong",530,"Freestanding","Autostable","Modular top","Surface modulaire","Single oven","Four simple","Non self-cleaning","Non autonettoyant","Normal bake","Cuisson normale",0,69.7,"24","24"
